"","pollenprod","allergen","floweringdur","VPA","year","X","Y","UTM_X","UTM_Y","UI","UI_categories","Bet_v_1","PGE_2","LTB_4","O3","NO2","NH3","NO___NO2","avg_catkin_weight","g_pollen___catkin","trunk_perimeter","crown_radius","tree_height","lower_limit_of_the_crown","crown_height","crown_surface_spheroidal","crown_surface_cone","avg_catkin_length","avg_catkin_diameter","avg_catkin_length__pp_","avg_catkin_diameter__pp_","avg_catkin_volume","PG_per_flower","PG_per_catkin","PG_per_m3_of_crown","PG_per_tree","flowers_per_catkin","flowers_per_m3_of_crown","flowers_per_tree","catkins_per_m3_of_crown","catkins_per_individual","flowering_start_date","flowering_end_date","Flowering_duration","Peak_date"
"1",NA,0.42725374391644,NA,0.42725374391644,2013,48.390041,10.914541,641733,5361424,0.832936501382252,"u",23713.5935,25.795,11.087,66.1333333333333,25.0666666666667,NA,NA,0.253333333333333,0.0268111111111111,100,6.5,15.9814800674211,2.75104235265676,13.2304377147644,31742.1569791712,31742.1569791712,NA,NA,NA,NA,NA,NA,NA,NA,NA,NA,NA,NA,NA,NA,NA,NA,NA,NA
"2",NA,0.0777370810913231,NA,0.0777370810913231,2013,48.387907,10.915647,641821,5361189,0.870252244942576,"u",4968.3895,1.763672,12.335,64.4,30.1333333333333,NA,NA,0.185230769230769,0.0529230769230769,85,3.6,19.6,2,17.6,1184.49552890421,31742.1569791712,NA,NA,NA,NA,NA,NA,NA,NA,NA,NA,NA,NA,NA,NA,NA,NA,NA,NA
"3",NA,0,NA,0,2013,48.38637,10.917251,641944,5361021,0.880098576564663,"u",799.21075,62.82986,15.93,73.75,41.85,NA,NA,0.142450980392157,0.0225490196078431,76,3.25,12.4257823333479,2.01428692542573,10.4114954079222,839.426012308097,NA,NA,NA,NA,NA,NA,NA,NA,NA,NA,NA,NA,NA,NA,NA,NA,NA,NA,NA
"4",NA,0.0711024152527225,NA,0.0711024152527225,2013,48.382346,10.917492,641973,5360574,0.932331276213288,"u",4612.5605,16.574996,16.89,62.6666666666667,28.7333333333333,NA,NA,0.225697674418605,0.0627906976744186,180,5.3,18.626538188117,2.64593811739109,15.9806000707259,2266.70712667298,NA,NA,NA,NA,NA,NA,NA,NA,NA,NA,NA,NA,NA,NA,NA,NA,NA,NA,NA
"5",NA,0.0354641766869637,NA,0.0354641766869637,2013,48.377858,10.889101,639883,5360023,0.97110205195014,"u",2701.218,73.01744,13.565,60.3333333333333,33.3666666666667,NA,NA,0.31625,0.06425,125,3.8,15.6877262920649,2.74890217915266,12.9388241129123,1145.47177583781,839.426012308097,NA,NA,NA,NA,NA,NA,NA,NA,NA,NA,NA,NA,NA,NA,NA,NA,NA,NA
"6",NA,0.0756689000451351,NA,0.0756689000451351,2013,48.387416,10.86638,638175,5361044,0.882383745337427,"u",4857.46925,19.6466666666667,8.67,66.7666666666667,20.4333333333333,NA,NA,0.242625,0.0425,100,4.1,18.2,1.6,16.6,1393.14736705658,839.426012308097,NA,NA,NA,NA,NA,NA,NA,NA,NA,NA,NA,NA,NA,NA,NA,NA,NA,NA
"7",NA,0.070577115791452,NA,0.070577115791452,2013,48.385475,10.853296,637212,5360805,0.79873354987284,"u",4584.38775,20.4133333333333,12.005,63.5333333333333,30.0333333333333,NA,NA,0.3125,0.044525,130,5,13.7,1.07110664860351,12.6288933513965,2422.67200668218,2266.70712667298,NA,NA,NA,NA,NA,NA,NA,NA,NA,NA,NA,NA,NA,NA,NA,NA,NA,NA
"8",NA,0.125722054853876,NA,0.125722054853876,2013,48.379367,10.846451,636721,5360114,0.813170811553126,"u",7541.9095,36.5933333333333,3.37025,61.6666666666667,21.6666666666667,NA,NA,0.215698924731183,0.0294623655913979,125,4.9,17.7855306503702,1.17618845762378,16.6093421927465,1904.15007235203,2266.70712667298,NA,NA,NA,NA,NA,NA,NA,NA,NA,NA,NA,NA,NA,NA,NA,NA,NA,NA
"11",NA,0.120494143312588,NA,0.120494143312588,2013,48.347085,10.871084,638633,5356570,0.766908930178543,"u",7261.52725,36.5872946666667,27.8035,67,25.7,NA,NA,0.144623655913978,0.0278494623655914,102,4.5,16.0275269519531,4.71930436616619,11.3082225857869,1982.99216208202,NA,NA,NA,NA,NA,NA,NA,NA,NA,NA,NA,NA,NA,NA,NA,NA,NA,NA,NA
"12",NA,0.0782574347918105,NA,0.0782574347918105,2013,48.3078,10.909663,641600,5352274,0.426830502240444,"s",4996.297,0,18.56,77.7333333333333,23.1,NA,NA,0.140112359550562,0.0228089887640449,120,2.6,19.6337467252598,1.90549672719604,17.7282499980637,784.152593184144,NA,NA,NA,NA,NA,NA,NA,NA,NA,NA,NA,NA,NA,NA,NA,NA,NA,NA,NA
"13",NA,0.165767912544518,NA,0.165767912544518,2013,48.310176,10.906157,641333,5352532,0.466639759443473,"s",9689.6405,20.78,3.76275,80.7333333333333,23.1333333333333,NA,NA,0.33875,0.0234375,100,3.4,19.2,1.7,17.5,1091.47307354582,2422.67200668218,NA,NA,NA,NA,NA,NA,NA,NA,NA,NA,NA,NA,NA,NA,NA,NA,NA,NA
"14",NA,0.0402470117105034,NA,0.0402470117105034,2013,48.309981,10.910207,641634,5352518,0.440627528828588,"s",2957.73,0,5.395,60.4333333333333,18.6666666666667,NA,NA,0.257790697674419,0.0262790697674419,80,3.75,12.1090458914186,3.649463518893,8.45958237252556,2019.37248932766,2422.67200668218,NA,NA,NA,NA,NA,NA,NA,NA,NA,NA,NA,NA,NA,NA,NA,NA,NA,NA
"16",NA,0.18542754938947,NA,0.18542754938947,2013,48.340795,10.905433,641195,5355934,0.679832000250684,"u",10744.022,36.31055,10.1755,71.6,23.3333333333333,NA,NA,0.262655367231638,0.0340677966101695,90,5.15,16.5356096851274,2.05920769491748,14.4764019902099,2229.67637087886,1904.15007235203,NA,NA,NA,NA,NA,NA,NA,NA,NA,NA,NA,NA,NA,NA,NA,NA,NA,NA
"17",NA,0.236980229966875,NA,0.236980229966875,2013,48.352371,10.902708,640961,5357215,0.922597135682149,"u",13508.8845,16.13723,6.845,56.8666666666667,47.9333333333333,NA,NA,0.285524475524476,0.069020979020979,110,2.8,16.1,1.9,14.2,733.193234933483,NA,NA,NA,NA,NA,NA,NA,NA,NA,NA,NA,NA,NA,NA,NA,NA,NA,NA,NA
"19",NA,0.0615957773588544,NA,0.0615957773588544,2013,48.361011,10.915979,641920,5358200,0.933907595185473,"u",4102.7025,54.604675,10.245,59.1333333333333,25.6333333333333,NA,NA,0.139136363636364,0.0400454545454546,108,2.7,12.1394387679164,2.84512574086931,9.29431302704709,578.770916022318,1358.5838207403,NA,NA,NA,NA,NA,NA,NA,NA,NA,NA,NA,NA,NA,NA,NA,NA,NA,NA
"20",NA,0.220572008978798,NA,0.220572008978798,2013,48.366541,10.901463,640830,5358788,1,"u",12628.88225,27.352,13.505,61.9,25.4333333333333,NA,NA,0.378974358974359,0.0142307692307692,69,3.5,10.2547839840065,1.96833496093762,8.28644902306884,1412.38167382093,1358.5838207403,NA,NA,NA,NA,NA,NA,NA,NA,NA,NA,NA,NA,NA,NA,NA,NA,NA,NA
"31",NA,0.113480495152416,NA,0.113480495152416,2013,48.403971,10.922653,642281,5362895,0.496846620649927,"s",6885.37275,46.07725,0.4455,79.5333333333333,28.9333333333333,NA,NA,0.175684210526316,0.0229473684210526,175,5.1,18.2165830456541,1.49053922086139,16.7260438247927,2062.72352451274,2229.67637087886,NA,NA,NA,NA,NA,NA,NA,NA,NA,NA,NA,NA,NA,NA,NA,NA,NA,NA
"35",NA,0.173869814533551,NA,0.173869814533551,2013,48.335996,10.825538,635288,5355256,0.110162829981021,"r",10124.16,7.03667,3.53575,80,10.4666666666667,NA,NA,0.298041237113402,0.0347422680412371,204,6.25,24.3656900417866,4.54781435217326,19.8178756896133,3109.14808877903,NA,NA,NA,NA,NA,NA,NA,NA,NA,NA,NA,NA,NA,NA,NA,NA,NA,NA,NA
"36",NA,0.0731810953581664,NA,0.0731810953581664,2013,48.272988,10.903997,641279,5348424,0.380057004645384,"s",4724.04383333333,114.23145,24.403,66.5,14.8333333333333,NA,NA,0.0882022471910112,0.00382022471910112,127,3.6,18.1664267504914,3.27000326519655,14.8964234852949,1083.99046615633,NA,NA,NA,NA,NA,NA,NA,NA,NA,NA,NA,NA,NA,NA,NA,NA,NA,NA,NA
"37",NA,0.2558350316459,NA,0.2558350316459,2013,48.318889,10.915574,642007,5353518,0.434381994897249,"s",14520.10125,44.45471,0.541,83.2,14.4666666666667,NA,NA,0.136781609195402,0.016551724137931,168,7,23.6062395567368,2.28619269661384,21.3200468601229,3939.64605525987,578.770916022318,NA,NA,NA,NA,NA,NA,NA,NA,NA,NA,NA,NA,NA,NA,NA,NA,NA,NA
"38",NA,0.104476377940968,NA,0.104476377940968,2013,48.34482,10.835642,636013,5356255,0.167574951171997,"r",6402.46583333333,144.60117,1.9985,64.7666666666667,10.5666666666667,NA,NA,0.088876404494382,0.00470786516853933,175,9.3,18.4204781441233,1.71,16.7104781441233,10897.9187193368,578.770916022318,NA,NA,NA,NA,NA,NA,NA,NA,NA,NA,NA,NA,NA,NA,NA,NA,NA,NA
"57",NA,NA,NA,0,2013,48.346501,10.939302,643689,5356631,0.495727637751632,"s",NA,NA,NA,NA,NA,NA,NA,NA,NA,162,5.3,21.7010252669255,4.56091992584165,17.1401053410838,2229.97437755798,1378.90020192989,NA,NA,NA,NA,NA,NA,NA,NA,NA,NA,NA,NA,NA,NA,NA,NA,NA,NA
"58",NA,NA,NA,0,2013,48.361838,10.936341,643692,5356632,0.495546615468612,"s",NA,NA,NA,NA,NA,NA,NA,NA,NA,101,3.7,18.2,1.8,16.4,1183.45913021408,1378.90020192989,NA,NA,NA,NA,NA,NA,NA,NA,NA,NA,NA,NA,NA,NA,NA,NA,NA,NA
"59",NA,NA,NA,0,2013,48.363671,10.935152,643333,5358531,0.800928810029074,"u",NA,NA,NA,NA,NA,NA,NA,NA,NA,146,3.9,18.5,1.8,16.7,1292.34258124917,NA,NA,NA,NA,NA,NA,NA,NA,NA,NA,NA,NA,NA,NA,NA,NA,NA,NA,NA
"60",NA,NA,NA,0,2013,48.349716,10.873015,638769,5356866,0.830045982036354,"u",NA,NA,NA,NA,NA,NA,NA,NA,NA,175,3.8,19.3,1.8,17.5,1274.32962402145,NA,NA,NA,NA,NA,NA,NA,NA,NA,NA,NA,NA,NA,NA,NA,NA,NA,NA,NA
"61",NA,NA,NA,0,2013,48.344356,10.867572,638380,5356260,0.666169765117061,"s",NA,NA,NA,NA,NA,NA,NA,NA,NA,130,5.7,18.4919926235456,5.96113123340044,12.5308613901452,5564.66420169279,2062.72352451274,NA,NA,NA,NA,NA,NA,NA,NA,NA,NA,NA,NA,NA,NA,NA,NA,NA,NA
"62",NA,NA,NA,0,2013,48.344131,10.867612,638384,5356235,0.660879058609375,"s",NA,NA,NA,NA,NA,NA,NA,NA,NA,140,5.05,17.6528929923683,4.38027585934544,13.2726171330229,2308.82569535743,2062.72352451274,NA,NA,NA,NA,NA,NA,NA,NA,NA,NA,NA,NA,NA,NA,NA,NA,NA,NA
"67",NA,NA,NA,0,2013,48.347156,10.883676,639566,5356601,0.877939011227365,"u",NA,NA,NA,NA,NA,NA,NA,NA,NA,120,3.8,18.1169981566411,4.288475778961,13.8285223776801,1156.57239323209,NA,NA,NA,NA,NA,NA,NA,NA,NA,NA,NA,NA,NA,NA,NA,NA,NA,NA,NA
"68",NA,NA,NA,0,2013,48.371742,10.883748,639504,5359334,1,"u",NA,NA,NA,NA,NA,NA,NA,NA,NA,100,4.3,19.5763038889131,2.48611668924562,17.0901871996675,1521.2555806294,NA,NA,NA,NA,NA,NA,NA,NA,NA,NA,NA,NA,NA,NA,NA,NA,NA,NA,NA
"69",NA,NA,NA,0,2013,48.374658,10.867051,638320,5359638,0.977617375076458,"u",NA,NA,NA,NA,NA,NA,NA,NA,NA,105,5.35,13.2036840722101,0.82511336474076,12.3785707074693,3614.4937242465,3109.14808877903,NA,NA,NA,NA,NA,NA,NA,NA,NA,NA,NA,NA,NA,NA,NA,NA,NA,NA
"70",NA,NA,NA,0,2013,48.344674,10.868143,638421,5356297,0.680190943717759,"u",NA,NA,NA,NA,NA,NA,NA,NA,NA,171,5.5,22.5728817075894,3.80972792462218,18.7631537829673,2399.91564627196,3109.14808877903,NA,NA,NA,NA,NA,NA,NA,NA,NA,NA,NA,NA,NA,NA,NA,NA,NA,NA
"74",NA,NA,NA,0,2013,48.383316,10.849258,636919,5360558,0.823244056574781,"u",NA,NA,NA,NA,NA,NA,NA,NA,NA,185,5,24.7073681444202,1.35089870143565,23.3564694429845,2224.08637547745,3939.64605525987,NA,NA,NA,NA,NA,NA,NA,NA,NA,NA,NA,NA,NA,NA,NA,NA,NA,NA
"78",NA,NA,NA,0,2013,48.3867,10.86146,637813,5360956,0.859325785681978,"u",NA,NA,NA,NA,NA,NA,NA,NA,NA,85,3,13.7,0.860878256677875,12.8391217433221,764.498758514595,8493.73236249425,NA,NA,NA,NA,NA,NA,NA,NA,NA,NA,NA,NA,NA,NA,NA,NA,NA,NA
"81",NA,NA,NA,0,2013,48.314605,10.849206,637099,5352921,0.112725396719944,"r",NA,NA,NA,NA,NA,NA,NA,NA,NA,170,4.3,21.0692915170774,5.41284212746433,15.6564493896131,1481.13335538602,NA,NA,NA,NA,NA,NA,NA,NA,NA,NA,NA,NA,NA,NA,NA,NA,NA,NA,NA
"84",NA,NA,NA,0,2013,48.385021,10.84628,636694,5360742,0.725878208654351,"u",NA,NA,NA,NA,NA,NA,NA,NA,NA,117,4.9,24.8,1,23.8,2185.73084023233,2018.55036176509,NA,NA,NA,NA,NA,NA,NA,NA,NA,NA,NA,NA,NA,NA,NA,NA,NA,NA
"85",NA,NA,NA,0,2013,48.343572,10.846457,636818,5356135,0.302654973617667,"r",NA,NA,NA,NA,NA,NA,NA,NA,NA,147,5.1,16.7,1.7,15,2122.48208460078,995.901131289062,NA,NA,NA,NA,NA,NA,NA,NA,NA,NA,NA,NA,NA,NA,NA,NA,NA,NA
"86",NA,NA,NA,0,2013,48.344085,10.867587,638382,5356230,0.515939912674853,"s",NA,NA,NA,NA,NA,NA,NA,NA,NA,103,4.1,22.5,1.8,20.7,1567.57464115868,995.901131289062,NA,NA,NA,NA,NA,NA,NA,NA,NA,NA,NA,NA,NA,NA,NA,NA,NA,NA
"88",NA,NA,NA,0,2013,48.273767,10.905156,641360,5348483,0.33647035440459,"s",NA,NA,NA,NA,NA,NA,NA,NA,NA,82,2.6,18.1,2,16.1,727.552473708319,1552.20198723082,NA,NA,NA,NA,NA,NA,NA,NA,NA,NA,NA,NA,NA,NA,NA,NA,NA,NA
"93",NA,NA,NA,0,2013,48.332189,10.911414,641662,5354988,0.425549452660684,"s",NA,NA,NA,NA,NA,NA,NA,NA,NA,100,4.2,20.2,1.5,18.7,1528.50437653212,1827.13040272525,NA,NA,NA,NA,NA,NA,NA,NA,NA,NA,NA,NA,NA,NA,NA,NA,NA,NA
"94",NA,NA,NA,0,2013,48.352183,10.904128,641066,5357196,0.450973382186132,"s",NA,NA,NA,NA,NA,NA,NA,NA,NA,86,3.3,17.3,2.2,15.1,957.615675327735,1827.13040272525,NA,NA,NA,NA,NA,NA,NA,NA,NA,NA,NA,NA,NA,NA,NA,NA,NA,NA
"95",NA,NA,NA,0,2013,48.350783,10.911186,641593,5357054,0.394476888384728,"s",NA,NA,NA,NA,NA,NA,NA,NA,NA,104,5.7,21.7,1.4,20.3,2591.19124913862,1882.03367497584,NA,NA,NA,NA,NA,NA,NA,NA,NA,NA,NA,NA,NA,NA,NA,NA,NA,NA
"96",NA,NA,NA,0,2013,48.35495,10.927033,642756,5357546,0.29423758381602,"r",NA,NA,NA,NA,NA,NA,NA,NA,NA,NA,NA,NA,NA,NA,NA,1882.03367497584,NA,NA,NA,NA,NA,NA,NA,NA,NA,NA,NA,NA,NA,NA,NA,NA,NA,NA
"97",NA,NA,NA,0,2013,48.358733,10.9078866,641327,5357931,0.442582427626625,"s",NA,NA,NA,NA,NA,NA,NA,NA,NA,NA,NA,NA,NA,NA,NA,40712.9900646958,NA,NA,NA,NA,NA,NA,NA,NA,NA,NA,NA,NA,NA,NA,NA,NA,NA,NA
"98",NA,NA,NA,0,2013,48.376397,10.885956,639654,5359855,0.364564282697193,"s",NA,NA,NA,NA,NA,NA,NA,NA,NA,88,4.9,18.2,1.7,16.5,1903.65024852852,40712.9900646958,NA,NA,NA,NA,NA,NA,NA,NA,NA,NA,NA,NA,NA,NA,NA,NA,NA,NA
"99",NA,NA,NA,0,2013,48.360594,10.877906,639101,5358083,0.389311145888825,"s",NA,NA,NA,NA,NA,NA,NA,NA,NA,99,5.7,21.7,1.9,19.8,2581.86077785802,2949.37970680969,NA,NA,NA,NA,NA,NA,NA,NA,NA,NA,NA,NA,NA,NA,NA,NA,NA,NA
"100",NA,NA,NA,0,2013,48.336689,10.855986,637542,5355387,0.133474808138426,"r",NA,NA,NA,NA,NA,NA,NA,NA,NA,NA,NA,NA,NA,NA,NA,2949.37970680969,NA,NA,NA,NA,NA,NA,NA,NA,NA,NA,NA,NA,NA,NA,NA,NA,NA,NA
"101",NA,NA,NA,0,2013,48.345522,10.901047,640857,5356450,0.40210777611242,"s",NA,NA,NA,NA,NA,NA,NA,NA,NA,NA,NA,NA,NA,NA,NA,3113.62123252549,NA,NA,NA,NA,NA,NA,NA,NA,NA,NA,NA,NA,NA,NA,NA,NA,NA,NA
"102",NA,NA,NA,0,2013,48.374734,10.867891,638321,5359637,0.286313218177062,"r",NA,NA,NA,NA,NA,NA,NA,NA,NA,122,4.3,20.3,0,20.3,1654.99990144119,3113.62123252549,NA,NA,NA,NA,NA,NA,NA,NA,NA,NA,NA,NA,NA,NA,NA,NA,NA,NA
"104",NA,NA,NA,0,2013,48.340916,10.905361,641189,5355946,0.325686528832787,"r",NA,NA,NA,NA,NA,NA,NA,NA,NA,89,3.7,16.3,1.6,14.7,1126.17795369991,2314.72909613392,NA,NA,NA,NA,NA,NA,NA,NA,NA,NA,NA,NA,NA,NA,NA,NA,NA,NA
"109",NA,NA,NA,0,2013,48.403071,10.922447,642282,5362886,0.219852151799667,"r",NA,NA,NA,NA,NA,NA,NA,NA,NA,104,4.7,22.8,1.2,21.6,1947.19327312392,NA,NA,NA,NA,NA,NA,NA,NA,NA,NA,NA,NA,NA,NA,NA,NA,NA,NA,NA
"113",NA,0.396522650976072,0.777777777777778,1,2014,48.390041,10.914541,641733,5361424,0.832936501382252,"u",22065.43,53.72,105.57,4,31.7,1.9,NA,0.295047619047619,0.0365714285714286,100,6.5,15.9814800674211,2.75104235265676,13.2304377147644,31742.1569791712,2229.97437755798,NA,NA,NA,NA,NA,NA,NA,NA,NA,NA,NA,NA,NA,NA,95,111,17,NA
"114",NA,0.183261818922068,0.444444444444444,0.627706263366512,2014,48.387907,10.915647,641821,5361189,0.870252244942576,"u",10627.87,86,321.97,64.85,38.05,3.2,NA,0.479,0.0153,85,3.6,19.6,2,17.6,1184.49552890421,2229.97437755798,NA,NA,NA,NA,NA,NA,NA,NA,NA,NA,NA,NA,NA,NA,87,97,11,NA
"115",NA,0.0432806602662431,0.555555555555556,0.598836215821799,2014,48.38637,10.917251,641944,5361021,0.880098576564663,"u",3120.43,49.77,615.56,61.2,34.65,2.7,NA,0.170754716981132,0.00830188679245283,76,3.25,12.4257823333479,2.01428692542573,10.4114954079222,839.426012308097,NA,NA,NA,NA,NA,NA,NA,NA,NA,NA,NA,NA,NA,NA,NA,93,105,13,NA
"116",NA,0.133755732380307,0.0555555555555556,0.189311287935862,2014,48.382346,10.917492,641973,5360574,0.932331276213288,"u",7972.77,19.64,125.65,55.7,31.6,2.2,NA,0.289,0.0014,180,5.3,18.626538188117,2.64593811739109,15.9806000707259,2266.70712667298,NA,NA,NA,NA,NA,NA,NA,NA,NA,NA,NA,NA,NA,NA,NA,91,94,4,NA
"117",NA,0.0940719920135799,0.611111111111111,0.705183103124691,2014,48.377858,10.889101,639883,5360023,0.97110205195014,"u",5844.46,95.8,464.44,46.75,35.05,2.2,NA,0.498076923076923,0.0364903846153846,125,3.8,15.6877262920649,2.74890217915266,12.9388241129123,1145.47177583781,NA,NA,NA,NA,NA,NA,NA,NA,NA,NA,NA,NA,NA,NA,NA,89,102,14,NA
"118",NA,0.140710935725494,0.333333333333333,0.474044269058828,2014,48.387416,10.86638,638175,5361044,0.882383745337427,"u",8345.79,71.42,422.19,45.65,30.65,1.1,NA,0.1697,0.0245,100,4.1,18.2,1.6,16.6,1393.14736705658,NA,NA,NA,NA,NA,NA,NA,NA,NA,NA,NA,NA,NA,NA,NA,90,98,9,NA
"119",NA,0.0930707201792638,0.5,0.593070720179264,2014,48.385475,10.853296,637212,5360805,0.79873354987284,"u",5790.76,6.34,101.39,43.95,33.65,1.8,NA,0.30625,0.0485,130,5,13.7,1.07110664860351,12.6288933513965,2422.67200668218,NA,NA,NA,NA,NA,NA,NA,NA,NA,NA,NA,NA,NA,NA,NA,87,98,12,NA
"120",NA,0.0626001723408846,0.333333333333333,0.395933505674218,2014,48.379367,10.846451,636721,5360114,0.813170811553126,"u",4156.57,28.64,207.62,38.95,30.55,2.2,NA,0.196,0.016,125,4.9,17.7855306503702,1.17618845762378,16.6093421927465,1904.15007235203,NA,NA,NA,NA,NA,NA,NA,NA,NA,NA,NA,NA,NA,NA,NA,90,98,9,NA
"123",NA,NA,0.277777777777778,0.277777777777778,2014,48.347085,10.871084,638633,5356570,0.766908930178543,"u",NA,16.11,47.64,38.95,29.9,1.4,NA,0.317307692307692,0.0317307692307692,102,4.5,16.0275269519531,4.71930436616619,11.3082225857869,1982.99216208202,2308.82569535743,NA,NA,NA,NA,NA,NA,NA,NA,NA,NA,NA,NA,NA,NA,95,102,8,NA
"124",NA,0.142357160869847,0.611111111111111,0.753468271980958,2014,48.3078,10.909663,641600,5352274,0.426830502240444,"s",8434.08,49.08,577.14,56.3,21.9,1.5,NA,0.12952380952381,0.0132857142857143,120,2.6,19.6337467252598,1.90549672719604,17.7282499980637,784.152593184144,2308.82569535743,NA,NA,NA,NA,NA,NA,NA,NA,NA,NA,NA,NA,NA,NA,95,108,14,NA
"125",NA,NA,NA,0,2014,48.310176,10.906157,641333,5352532,0.466639759443473,"s",NA,NA,NA,NA,NA,NA,NA,NA,NA,100,3.4,19.2,1.7,17.5,1091.47307354582,NA,NA,NA,NA,NA,NA,NA,NA,NA,NA,NA,NA,NA,NA,NA,NA,NA,NA,NA
"126",NA,0.0437706681583442,0.333333333333333,0.377104001491677,2014,48.309981,10.910207,641634,5352518,0.440627528828588,"s",3146.71,20.58,36.23,69.3,19.4,1,NA,0.314285714285714,0.0308571428571429,80,3.75,12.1090458914186,3.649463518893,8.45958237252556,2019.37248932766,NA,NA,NA,NA,NA,NA,NA,NA,NA,NA,NA,NA,NA,NA,NA,89,97,9,NA
"128",NA,0.120876617033619,0.611111111111111,0.73198772814473,2014,48.340795,10.905433,641195,5355934,0.679832000250684,"u",7282.04,78.53,NA,46.15,37.25,7.7,NA,0.3275,0.0129807692307692,90,5.15,16.5356096851274,2.05920769491748,14.4764019902099,2229.67637087886,691.822533067309,NA,NA,NA,NA,NA,NA,NA,NA,NA,NA,NA,NA,NA,NA,84,97,14,NA
"129",NA,0.156186272491366,0.222222222222222,0.378408494713588,2014,48.352371,10.902708,640961,5357215,0.922597135682149,"u",9175.76,57.21,453.18,53.4,36.05,2.2,NA,0.468490566037736,0.00675471698113207,110,2.8,16.1,1.9,14.2,733.193234933483,5220.01933285277,NA,NA,NA,NA,NA,NA,NA,NA,NA,NA,NA,NA,NA,NA,91,97,7,NA
"130",NA,NA,NA,0,2014,48.355496,10.898395,640633,5357555,0.984809289282004,"u",NA,NA,NA,NA,NA,NA,NA,NA,NA,130,3.2,17.9,1.5,16.4,964.146744689337,5220.01933285277,NA,NA,NA,NA,NA,NA,NA,NA,NA,NA,NA,NA,NA,NA,NA,NA,NA,NA
"131",NA,0.0651460504834826,0.333333333333333,0.398479383816816,2014,48.361011,10.915979,641920,5358200,0.933907595185473,"u",4293.11,21.6,119.64,56.6,28.35,3.2,NA,0.179047619047619,0.0318095238095238,108,2.7,12.1394387679164,2.84512574086931,9.29431302704709,578.770916022318,1224.0862079341,NA,NA,NA,NA,NA,NA,NA,NA,NA,NA,NA,NA,NA,NA,89,97,9,NA
"132",NA,NA,0.444444444444444,0.444444444444444,2014,48.366541,10.901463,640830,5358788,1,"u",NA,9.59,39,48,26.55,2.7,NA,0.437981651376147,0.00688073394495413,69,3.5,10.2547839840065,1.96833496093762,8.28644902306884,1412.38167382093,1224.0862079341,NA,NA,NA,NA,NA,NA,NA,NA,NA,NA,NA,NA,NA,NA,89,99,11,NA
"143",NA,0.164251638313559,0.388888888888889,0.553140527202447,2014,48.403971,10.922653,642281,5362895,0.496846620649927,"s",9608.32,89.06,NA,59.75,28.4,5.1,NA,0.213861386138614,0.0304950495049505,175,5.1,18.2165830456541,1.49053922086139,16.7260438247927,2062.72352451274,NA,NA,NA,NA,NA,NA,NA,NA,NA,NA,NA,NA,NA,NA,NA,88,97,10,NA
"147",NA,0.493062596266076,0.222222222222222,0.715284818488298,2014,48.335996,10.825538,635288,5355256,0.110162829981021,"r",27243.04,58.86,NA,68.85,13.65,1.9,NA,0.312,0.0584,204,6.25,24.3656900417866,4.54781435217326,19.8178756896133,3109.14808877903,2224.08637547745,NA,NA,NA,NA,NA,NA,NA,NA,NA,NA,NA,NA,NA,NA,88,94,7,NA
"148",NA,0.10123173822697,0.277777777777778,0.379009516004747,2014,48.272988,10.903997,641279,5348424,0.380057004645384,"s",6228.45,5.01,NA,71.85,16.2,1.4,NA,0.264385964912281,0.018780701754386,127,3.6,18.1664267504914,3.27000326519655,14.8964234852949,1083.99046615633,2224.08637547745,NA,NA,NA,NA,NA,NA,NA,NA,NA,NA,NA,NA,NA,NA,92,99,8,NA
"149",NA,0.307441901166853,0.277777777777778,0.585219678944631,2014,48.318889,10.915574,642007,5353518,0.434381994897249,"s",17287.87,19.12,NA,66.05,13.3,1.3,NA,0.147663551401869,0.0201495327102804,168,7,23.6062395567368,2.28619269661384,21.3200468601229,3939.64605525987,4430.86955130935,NA,NA,NA,NA,NA,NA,NA,NA,NA,NA,NA,NA,NA,NA,94,101,8,NA
"150",NA,0.123354252067956,1,1,2014,48.34482,10.835642,636013,5356255,0.167574951171997,"r",7414.92,117.56,NA,55.8,15,3.1,NA,0.093,0.0067,175,9.3,18.4204781441233,1.71,16.7104781441233,10897.9187193368,4430.86955130935,NA,NA,NA,NA,NA,NA,NA,NA,NA,NA,NA,NA,NA,NA,93,113,21,NA
"169",NA,0.152402322657919,0.611111111111111,0.76351343376903,2014,48.346501,10.939302,643689,5356631,0.495727637751632,"s",8972.82,131.24,NA,NA,NA,NA,NA,0.398,0.0539,162,5.3,21.7010252669255,4.56091992584165,17.1401053410838,2229.97437755798,298.722653675049,NA,NA,NA,NA,NA,NA,NA,NA,NA,NA,NA,NA,NA,NA,85,98,14,NA
"170",NA,0.133517067957974,0.555555555555556,0.68907262351353,2014,48.361838,10.936341,643692,5356632,0.495546615468612,"s",7959.97,59.13,NA,56.6,26,NA,NA,0.0930693069306931,0.0148514851485149,101,3.7,18.2,1.8,16.4,1183.45913021408,NA,NA,NA,NA,NA,NA,NA,NA,NA,NA,NA,NA,NA,NA,NA,96,108,13,NA
"171",NA,0.0290525315636379,0.111111111111111,0.140163642674749,2014,48.363671,10.935152,643333,5358531,0.800928810029074,"u",2357.35,59.28,NA,55.3,26.1,NA,NA,0.0912,0.00827,146,3.9,18.5,1.8,16.7,1292.34258124917,NA,NA,NA,NA,NA,NA,NA,NA,NA,NA,NA,NA,NA,NA,NA,93,97,5,NA
"172",NA,0.167925578764837,0.555555555555556,0.723481134320392,2014,48.349716,10.873015,638769,5356866,0.830045982036354,"u",9805.36,65.35,NA,40.8,41.65,2.7,NA,0.343119266055046,0.0336697247706422,175,3.8,19.3,1.8,17.5,1274.32962402145,NA,NA,NA,NA,NA,NA,NA,NA,NA,NA,NA,NA,NA,NA,NA,85,97,13,NA
"173",NA,0.112087613224651,0.888888888888889,1,2014,48.344356,10.867572,638380,5356260,0.666169765117061,"s",6810.67,197.72,NA,54.75,22.9,1.2,NA,0.380952380952381,0.00571428571428571,130,5.7,18.4919926235456,5.96113123340044,12.5308613901452,5564.66420169279,246.515166646477,NA,NA,NA,NA,NA,NA,NA,NA,NA,NA,NA,NA,NA,NA,93,111,19,NA
"174",NA,0.67370527359387,0.611111111111111,1,2014,48.344131,10.867612,638384,5356235,0.660879058609375,"s",36931.23,51.01,NA,62.05,23.05,1.7,NA,0.100961538461538,0.00682692307692308,140,5.05,17.6528929923683,4.38027585934544,13.2726171330229,2308.82569535743,225.297499365404,NA,NA,NA,NA,NA,NA,NA,NA,NA,NA,NA,NA,NA,NA,92,105,14,NA
"179",NA,NA,NA,0,2014,48.347156,10.883676,639566,5356601,0.877939011227365,"u",NA,NA,NA,NA,NA,NA,NA,NA,NA,120,3.8,18.1169981566411,4.288475778961,13.8285223776801,1156.57239323209,171.205165815744,NA,NA,NA,NA,NA,NA,NA,NA,NA,NA,NA,NA,NA,NA,NA,NA,NA,NA
"180",NA,NA,NA,0,2014,48.371742,10.883748,639504,5359334,1,"u",NA,NA,NA,NA,NA,NA,NA,NA,NA,100,4.3,19.5763038889131,2.48611668924562,17.0901871996675,1521.2555806294,238.064277514933,NA,NA,NA,NA,NA,NA,NA,NA,NA,NA,NA,NA,NA,NA,NA,NA,NA,NA
"181",NA,NA,NA,0,2014,48.374658,10.867051,638320,5359638,0.977617375076458,"u",NA,NA,NA,NA,NA,NA,NA,NA,NA,105,5.35,13.2036840722101,0.82511336474076,12.3785707074693,3614.4937242465,226.653335050383,NA,NA,NA,NA,NA,NA,NA,NA,NA,NA,NA,NA,NA,NA,NA,NA,NA,NA
"182",NA,NA,NA,0,2014,48.344674,10.868143,638421,5356297,0.680190943717759,"u",NA,NA,NA,NA,NA,NA,NA,NA,NA,171,5.5,22.5728817075894,3.80972792462218,18.7631537829673,2399.91564627196,337.845458311559,NA,NA,NA,NA,NA,NA,NA,NA,NA,NA,NA,NA,NA,NA,NA,NA,NA,NA
"186",NA,NA,NA,0,2014,48.383316,10.849258,636919,5360558,0.823244056574781,"u",NA,NA,NA,NA,NA,NA,NA,NA,NA,185,5,24.7073681444202,1.35089870143565,23.3564694429845,2224.08637547745,375.195040713675,NA,NA,NA,NA,NA,NA,NA,NA,NA,NA,NA,NA,NA,NA,NA,NA,NA,NA
"190",NA,NA,NA,0,2014,48.3867,10.86146,637813,5360956,0.859325785681978,"u",NA,NA,NA,NA,NA,NA,NA,NA,NA,85,3,13.7,0.860878256677875,12.8391217433221,764.498758514595,124.265276438561,NA,NA,NA,NA,NA,NA,NA,NA,NA,NA,NA,NA,NA,NA,NA,NA,NA,NA
"193",NA,NA,NA,0,2014,48.314605,10.849206,637099,5352921,0.112725396719944,"r",NA,NA,NA,NA,NA,NA,NA,NA,NA,170,4.3,21.0692915170774,5.41284212746433,15.6564493896131,1481.13335538602,219.332454856309,NA,NA,NA,NA,NA,NA,NA,NA,NA,NA,NA,NA,NA,NA,NA,NA,NA,NA
"196",NA,NA,NA,0,2014,48.385021,10.84628,636694,5360742,0.725878208654351,"u",NA,NA,NA,NA,NA,NA,NA,NA,NA,117,4.9,24.8,1,23.8,2185.73084023233,NA,NA,NA,NA,NA,NA,NA,NA,NA,NA,NA,NA,NA,NA,NA,NA,NA,NA,NA
"197",NA,NA,NA,0,2014,48.343572,10.846457,636818,5356135,0.302654973617667,"r",NA,NA,NA,NA,NA,NA,NA,NA,NA,147,5.1,16.7,1.7,15,2122.48208460078,NA,NA,NA,NA,NA,NA,NA,NA,NA,NA,NA,NA,NA,NA,NA,NA,NA,NA,NA
"198",NA,NA,NA,0,2014,48.344085,10.867587,638382,5356230,0.515939912674853,"s",NA,NA,NA,NA,NA,NA,NA,NA,NA,103,4.1,22.5,1.8,20.7,1567.57464115868,NA,NA,NA,NA,NA,NA,NA,NA,NA,NA,NA,NA,NA,NA,NA,NA,NA,NA,NA
"200",NA,NA,NA,0,2014,48.273767,10.905156,641360,5348483,0.33647035440459,"s",NA,NA,NA,NA,NA,NA,NA,NA,NA,82,2.6,18.1,2,16.1,727.552473708319,NA,NA,NA,NA,NA,NA,NA,NA,NA,NA,NA,NA,NA,NA,NA,NA,NA,NA,NA
"205",NA,NA,NA,0,2014,48.332189,10.911414,641662,5354988,0.425549452660684,"s",NA,NA,NA,NA,NA,NA,NA,NA,NA,100,4.2,20.2,1.5,18.7,1528.50437653212,NA,NA,NA,NA,NA,NA,NA,NA,NA,NA,NA,NA,NA,NA,NA,NA,NA,NA,NA
"206",NA,NA,NA,0,2014,48.352183,10.904128,641066,5357196,0.450973382186132,"s",NA,NA,NA,NA,NA,NA,NA,NA,NA,86,3.3,17.3,2.2,15.1,957.615675327735,NA,NA,NA,NA,NA,NA,NA,NA,NA,NA,NA,NA,NA,NA,NA,NA,NA,NA,NA
"207",NA,NA,NA,0,2014,48.350783,10.911186,641593,5357054,0.394476888384728,"s",NA,NA,NA,NA,NA,NA,NA,NA,NA,104,5.7,21.7,1.4,20.3,2591.19124913862,NA,NA,NA,NA,NA,NA,NA,NA,NA,NA,NA,NA,NA,NA,NA,NA,NA,NA,NA
"208",NA,NA,NA,0,2014,48.35495,10.927033,642756,5357546,0.29423758381602,"r",NA,NA,NA,NA,NA,NA,NA,NA,NA,NA,NA,NA,NA,NA,NA,NA,NA,NA,NA,NA,NA,NA,NA,NA,NA,NA,NA,NA,NA,NA,NA,NA,NA,NA
"209",NA,NA,NA,0,2014,48.358733,10.9078866,641327,5357931,0.442582427626625,"s",NA,NA,NA,NA,NA,NA,NA,NA,NA,NA,NA,NA,NA,NA,NA,NA,NA,NA,NA,NA,NA,NA,NA,NA,NA,NA,NA,NA,NA,NA,NA,NA,NA,NA
"210",NA,NA,NA,0,2014,48.376397,10.885956,639654,5359855,0.364564282697193,"s",NA,NA,NA,NA,NA,NA,NA,NA,NA,88,4.9,18.2,1.7,16.5,1903.65024852852,NA,NA,NA,NA,NA,NA,NA,NA,NA,NA,NA,NA,NA,NA,NA,NA,NA,NA,NA
"211",NA,NA,NA,0,2014,48.360594,10.877906,639101,5358083,0.389311145888825,"s",NA,NA,NA,NA,NA,NA,NA,NA,NA,99,5.7,21.7,1.9,19.8,2581.86077785802,NA,NA,NA,NA,NA,NA,NA,NA,NA,NA,NA,NA,NA,NA,NA,NA,NA,NA,NA
"212",NA,NA,NA,0,2014,48.336689,10.855986,637542,5355387,0.133474808138426,"r",NA,NA,NA,NA,NA,NA,NA,NA,NA,NA,NA,NA,NA,NA,NA,NA,NA,NA,NA,NA,NA,NA,NA,NA,NA,NA,NA,NA,NA,NA,NA,NA,NA,NA
"213",NA,NA,NA,0,2014,48.345522,10.901047,640857,5356450,0.40210777611242,"s",NA,NA,NA,NA,NA,NA,NA,NA,NA,NA,NA,NA,NA,NA,NA,NA,NA,NA,NA,NA,NA,NA,NA,NA,NA,NA,NA,NA,NA,NA,NA,NA,NA,NA
"214",NA,NA,NA,0,2014,48.374734,10.867891,638321,5359637,0.286313218177062,"r",NA,NA,NA,NA,NA,NA,NA,NA,NA,122,4.3,20.3,0,20.3,1654.99990144119,NA,NA,NA,NA,NA,NA,NA,NA,NA,NA,NA,NA,NA,NA,NA,NA,NA,NA,NA
"216",NA,NA,NA,0,2014,48.340916,10.905361,641189,5355946,0.325686528832787,"r",NA,NA,NA,NA,NA,NA,NA,NA,NA,89,3.7,16.3,1.6,14.7,1126.17795369991,NA,NA,NA,NA,NA,NA,NA,NA,NA,NA,NA,NA,NA,NA,NA,NA,NA,NA,NA
"221",NA,NA,NA,0,2014,48.403071,10.922447,642282,5362886,0.219852151799667,"r",NA,NA,NA,NA,NA,NA,NA,NA,NA,104,4.7,22.8,1.2,21.6,1947.19327312392,NA,NA,NA,NA,NA,NA,NA,NA,NA,NA,NA,NA,NA,NA,NA,NA,NA,NA,NA
"225",NA,0.881273772718668,0.5,1,2015,48.390041,10.914541,641733,5361424,0.832936501382252,"u",48063.5,146.27,53.478,72.35,27.2,NA,36.95,0.2242,0.042754,100,6.5,15.9814800674211,2.75104235265676,13.2304377147644,31742.1569791712,301.014612407321,NA,NA,NA,NA,NA,NA,NA,NA,NA,NA,NA,NA,NA,NA,107.5,118.5,12,112.875
"226",NA,NA,NA,0,2015,48.387907,10.915647,641821,5361189,0.870252244942576,"u",NA,NA,NA,NA,NA,NA,NA,NA,NA,85,3.6,19.6,2,17.6,1184.49552890421,NA,NA,NA,NA,NA,NA,NA,NA,NA,NA,NA,NA,NA,NA,NA,NA,NA,NA,NA
"227",NA,0.053320787726656,0.25,0.303320787726656,2015,48.38637,10.917251,641944,5361021,0.880098576564663,"u",3658.9,99.833,65.4285,72.7,33.65,NA,46.45,0.1363,0.019157,76,3.25,12.4257823333479,2.01428692542573,10.4114954079222,839.426012308097,111.361963944728,NA,NA,NA,NA,NA,NA,NA,NA,NA,NA,NA,NA,NA,NA,104.5,111,7.5,106.25
"228",NA,0.425173009681007,0.333333333333333,0.758506343014341,2015,48.382346,10.917492,641973,5360574,0.932331276213288,"u",23602,54.3635,8.34815,78.9,29.85,NA,40.65,0.2162,0.035802,180,5.3,18.626538188117,2.64593811739109,15.9806000707259,2266.70712667298,280.336063956175,NA,NA,NA,NA,NA,NA,NA,NA,NA,NA,NA,NA,NA,NA,103,111,9,106.625
"229",NA,0.16378885308213,0.527777777777778,0.691566630859908,2015,48.377858,10.889101,639883,5360023,0.97110205195014,"u",9583.5,67.1465,8.69305,79.8,32.85,NA,54.95,0.156132075471698,0.0297783018867925,125,3.8,15.6877262920649,2.74890217915266,12.9388241129123,1145.47177583781,160.98814884483,NA,NA,NA,NA,NA,NA,NA,NA,NA,NA,NA,NA,NA,NA,101.5,113,12.5,107
"230",NA,0.328649099656879,0.25,0.578649099656879,2015,48.387416,10.86638,638175,5361044,0.882383745337427,"u",18425.25,127.445,15.4785,88.8,24.35,NA,25.5,0.226666666666667,0.0595208333333333,100,4.1,18.2,1.6,16.6,1393.14736705658,NA,NA,NA,NA,NA,NA,NA,NA,NA,NA,NA,NA,NA,NA,NA,103,109.5,7.5,107.125
"231",NA,0.827714120128856,0.416666666666667,1,2015,48.385475,10.853296,637212,5360805,0.79873354987284,"u",45191,386.285,38.991,71.8,29.6,NA,39.75,0.200183486238532,0.0350559633027523,130,5,13.7,1.07110664860351,12.6288933513965,2422.67200668218,213.356094712359,NA,NA,NA,NA,NA,NA,NA,NA,NA,NA,NA,NA,NA,NA,103,112.5,10.5,106.625
"232",NA,0.432991755600124,0.416666666666667,0.84965842226679,2015,48.379367,10.846451,636721,5360114,0.813170811553126,"u",24021.3333333333,19476.367,6.5828,55.1,23,NA,27.55,0.166415094339623,0.0307584905660377,125,4.9,17.7855306503702,1.17618845762378,16.6093421927465,1904.15007235203,266.575285769627,NA,NA,NA,NA,NA,NA,NA,NA,NA,NA,NA,NA,NA,NA,103,112.5,10.5,108
"235",NA,0.419100740394063,NA,0.419100740394063,2015,48.347085,10.871084,638633,5356570,0.766908930178543,"u",23276.3333333333,63.12,8.30585,84.05,22.8,NA,31.65,0.108636363636364,0.0210009090909091,102,4.5,16.0275269519531,4.71930436616619,11.3082225857869,1982.99216208202,172.059194203505,NA,NA,NA,NA,NA,NA,NA,NA,NA,NA,NA,NA,NA,NA,105,NA,NA,112.125
"236",NA,0.324775464208478,0.722222222222222,1,2015,48.3078,10.909663,641600,5352274,0.426830502240444,"s",18217.5,291.45,13.988,82.3,21.15,NA,28.35,0.0698095238095238,0.0140952380952381,120,2.6,19.6337467252598,1.90549672719604,17.7282499980637,784.152593184144,146.355865169028,NA,NA,NA,NA,NA,NA,NA,NA,NA,NA,NA,NA,NA,NA,105,120,16,112.625
"237",NA,NA,NA,0,2015,48.310176,10.906157,641333,5352532,0.466639759443473,"s",NA,NA,NA,NA,NA,NA,NA,NA,NA,100,3.4,19.2,1.7,17.5,1091.47307354582,NA,NA,NA,NA,NA,NA,NA,NA,NA,NA,NA,NA,NA,NA,NA,NA,NA,NA,NA
"238",NA,0.195073470348558,0.583333333333333,0.778406803681892,2015,48.309981,10.910207,641634,5352518,0.440627528828588,"s",11261.35,36774.5,8.2159,80.95,19.25,NA,27.15,0.1355,0.022788,80,3.75,12.1090458914186,3.649463518893,8.45958237252556,2019.37248932766,109.015083225639,NA,NA,NA,NA,NA,NA,NA,NA,NA,NA,NA,NA,NA,NA,104.5,117,13.5,110.25
"240",NA,0.364145771064313,0.666666666666667,1,2015,48.340795,10.905433,641195,5355934,0.679832000250684,"u",20329,1072.37,46.3445,98.75,24.15,NA,31.7,0.156132075471698,0.0117132075471698,90,5.15,16.5356096851274,2.05920769491748,14.4764019902099,2229.67637087886,248.596331503084,NA,NA,NA,NA,NA,NA,NA,NA,NA,NA,NA,NA,NA,NA,103,117,15,109.875
"241",NA,NA,NA,0,2015,48.352371,10.902708,640961,5357215,0.922597135682149,"u",NA,NA,NA,NA,NA,NA,NA,NA,NA,110,2.8,16.1,1.9,14.2,733.193234933483,NA,NA,NA,NA,NA,NA,NA,NA,NA,NA,NA,NA,NA,NA,NA,NA,NA,NA,NA
"242",NA,NA,NA,0,2015,48.355496,10.898395,640633,5357555,0.984809289282004,"u",NA,NA,NA,NA,NA,NA,NA,NA,NA,130,3.2,17.9,1.5,16.4,964.146744689337,NA,NA,NA,NA,NA,NA,NA,NA,NA,NA,NA,NA,NA,NA,NA,NA,NA,NA,NA
"243",NA,0.164371529894465,0.666666666666667,0.831038196561131,2015,48.361011,10.915979,641920,5358200,0.933907595185473,"u",9614.75,119.515,12.656,74.8,26.75,NA,31.5,0.107087378640777,0.0161718446601942,108,2.7,12.1394387679164,2.84512574086931,9.29431302704709,578.770916022318,82.0963331933119,NA,NA,NA,NA,NA,NA,NA,NA,NA,NA,NA,NA,NA,NA,103,117,15,110.25
"244",NA,0.83771751564302,0.541666666666667,1,2015,48.366541,10.901463,640830,5358788,1,"u",45727.5,19262.066,7.29445,84.15,26.1,NA,34.35,NA,NA,69,3.5,10.2547839840065,1.96833496093762,8.28644902306884,1412.38167382093,98.9083765164979,NA,NA,NA,NA,NA,NA,NA,NA,NA,NA,NA,NA,NA,NA,103.5,115.25,12.75,108
"255",NA,0.231900509453915,0.5,0.731900509453915,2015,48.403971,10.922653,642281,5362895,0.496846620649927,"s",13236.45,382.925,14.5915,98.9,29.8,NA,44.4,0.0939,0.006601,175,5.1,18.2165830456541,1.49053922086139,16.7260438247927,2062.72352451274,280.167574521927,NA,NA,NA,NA,NA,NA,NA,NA,NA,NA,NA,NA,NA,NA,107.5,118.5,12,112.875
"259",NA,0.381448941683407,0.444444444444444,0.825893386127851,2015,48.335996,10.825538,635288,5355256,0.110162829981021,"r",21257,56.2185,5.7562,102.3,9.9,NA,11.25,0.127358490566038,0.0181669811320755,204,6.25,24.3656900417866,4.54781435217326,19.8178756896133,3109.14808877903,408.015431026072,NA,NA,NA,NA,NA,NA,NA,NA,NA,NA,NA,NA,NA,NA,104,114,11,108.5
"260",NA,0.561817714295258,NA,0.561817714295258,2015,48.272988,10.903997,641279,5348424,0.380057004645384,"s",30930.5,216.24,12.7875,97.3,13.85,NA,17.95,0.103904761904762,0.0150857142857143,127,3.6,18.1664267504914,3.27000326519655,14.8964234852949,1083.99046615633,173.324547668989,NA,NA,NA,NA,NA,NA,NA,NA,NA,NA,NA,NA,NA,NA,105,NA,NA,112.625
"261",NA,0.16942916462553,NA,0.16942916462553,2015,48.318889,10.915574,642007,5353518,0.434381994897249,"s",9886,84.4785,6.7905,88.6,13.5,NA,16.2,0.117272727272727,0.00722636363636364,168,7,23.6062395567368,2.28619269661384,21.3200468601229,3939.64605525987,493.47686509357,NA,NA,NA,NA,NA,NA,NA,NA,NA,NA,NA,NA,NA,NA,106.5,NA,NA,112.875
"262",NA,0.538967460422738,0.472222222222222,1,2015,48.34482,10.835642,636013,5356255,0.167574951171997,"r",29705,170.485,9.38285,62.15,11.4,NA,13.6,0.085304347826087,0.0164930434782609,175,9.3,18.4204781441233,1.71,16.7104781441233,10897.9187193368,558.744371911364,NA,NA,NA,NA,NA,NA,NA,NA,NA,NA,NA,NA,NA,NA,108,118.5,11.5,113.25
"281",NA,0.315130997610713,0.583333333333333,0.898464330944046,2015,48.346501,10.939302,643689,5356631,0.495727637751632,"s",17700.25,85.336,12.968,89.7,13.65,NA,14.5,0.140761904761905,0.0238961904761905,162,5.3,21.7010252669255,4.56091992584165,17.1401053410838,2229.97437755798,298.722653675049,NA,NA,NA,NA,NA,NA,NA,NA,NA,NA,NA,NA,NA,NA,103,115.5,13.5,108.75
"282",NA,NA,NA,0,2015,48.361838,10.936341,643692,5356632,0.495546615468612,"s",NA,NA,NA,NA,NA,NA,NA,NA,NA,101,3.7,18.2,1.8,16.4,1183.45913021408,NA,NA,NA,NA,NA,NA,NA,NA,NA,NA,NA,NA,NA,NA,NA,NA,NA,NA,NA
"283",NA,NA,NA,0,2015,48.363671,10.935152,643333,5358531,0.800928810029074,"u",NA,NA,NA,NA,NA,NA,NA,NA,NA,146,3.9,18.5,1.8,16.7,1292.34258124917,NA,NA,NA,NA,NA,NA,NA,NA,NA,NA,NA,NA,NA,NA,NA,NA,NA,NA,NA
"284",NA,NA,NA,0,2015,48.349716,10.873015,638769,5356866,0.830045982036354,"u",NA,NA,NA,NA,NA,NA,NA,NA,NA,175,3.8,19.3,1.8,17.5,1274.32962402145,NA,NA,NA,NA,NA,NA,NA,NA,NA,NA,NA,NA,NA,NA,NA,NA,NA,NA,NA
"285",NA,0.142953262555938,0.472222222222222,0.615175484778161,2015,48.344356,10.867572,638380,5356260,0.666169765117061,"s",8466.05,395.115,33.274,77.2,17.1,NA,21.95,0,0.00577435897435898,130,5.7,18.4919926235456,5.96113123340044,12.5308613901452,5564.66420169279,246.515166646477,NA,NA,NA,NA,NA,NA,NA,NA,NA,NA,NA,NA,NA,NA,106.5,117,11.5,110.75
"286",NA,0.28893850954264,NA,0.28893850954264,2015,48.344131,10.867612,638384,5356235,0.660879058609375,"s",16295.5,62.5625,13.282,80.8,16.95,NA,21.15,0.133203883495146,0.024826213592233,140,5.05,17.6528929923683,4.38027585934544,13.2726171330229,2308.82569535743,225.297499365404,NA,NA,NA,NA,NA,NA,NA,NA,NA,NA,NA,NA,NA,NA,103,NA,NA,110.5
"291",NA,1,NA,1,2015,48.347156,10.883676,639566,5356601,0.877939011227365,"u",54431,63.514,18.9485,66.4,23.15,NA,34.25,0,0.00691367521367522,120,3.8,18.1169981566411,4.288475778961,13.8285223776801,1156.57239323209,171.205165815744,NA,NA,NA,NA,NA,NA,NA,NA,NA,NA,NA,NA,NA,NA,102,NA,NA,106
"292",NA,NA,0.75,0.75,2015,48.371742,10.883748,639504,5359334,1,"u",NA,NA,NA,86.75,26.15,NA,37.15,NA,NA,100,4.3,19.5763038889131,2.48611668924562,17.0901871996675,1521.2555806294,238.064277514933,NA,NA,NA,NA,NA,NA,NA,NA,NA,NA,NA,NA,NA,NA,100,115.5,16.5,107
"293",NA,0.195097243562501,0.305555555555556,0.500652799118057,2015,48.374658,10.867051,638320,5359638,0.977617375076458,"u",11262.625,53.144,9.5005,85.5,22.05,NA,28.7,0.134954954954955,0.0325297297297297,105,5.35,13.2036840722101,0.82511336474076,12.3785707074693,3614.4937242465,226.653335050383,NA,NA,NA,NA,NA,NA,NA,NA,NA,NA,NA,NA,NA,NA,105,112.5,8.5,106.75
"294",NA,0.327255336721775,NA,0.327255336721775,2015,48.344674,10.868143,638421,5356297,0.680190943717759,"u",18350.5,66.0695,11.8355,77.55,16.05,NA,20.9,0.147326732673267,0.00855544554455445,171,5.5,22.5728817075894,3.80972792462218,18.7631537829673,2399.91564627196,337.845458311559,NA,NA,NA,NA,NA,NA,NA,NA,NA,NA,NA,NA,NA,NA,104.5,NA,NA,109.366666666667
"298",NA,0.241317499024145,NA,0.241317499024145,2015,48.383316,10.849258,636919,5360558,0.823244056574781,"u",13741.5,238.355,25.7265,NA,NA,NA,NA,0.1334,0.033558,185,5,24.7073681444202,1.35089870143565,23.3564694429845,2224.08637547745,375.195040713675,NA,NA,NA,NA,NA,NA,NA,NA,NA,NA,NA,NA,NA,NA,NA,NA,NA,NA
"302",NA,NA,NA,0,2015,48.3867,10.86146,637813,5360956,0.859325785681978,"u",NA,NA,NA,NA,NA,NA,NA,NA,NA,85,3,13.7,0.860878256677875,12.8391217433221,764.498758514595,124.265276438561,NA,NA,NA,NA,NA,NA,NA,NA,NA,NA,NA,NA,NA,NA,NA,NA,NA,NA
"305",NA,NA,NA,0,2015,48.314605,10.849206,637099,5352921,0.112725396719944,"r",NA,NA,NA,NA,NA,NA,NA,NA,NA,170,4.3,21.0692915170774,5.41284212746433,15.6564493896131,1481.13335538602,219.332454856309,NA,NA,NA,NA,NA,NA,NA,NA,NA,NA,NA,NA,NA,NA,NA,NA,NA,NA
"308",NA,NA,NA,0,2015,48.385021,10.84628,636694,5360742,0.725878208654351,"u",NA,NA,NA,NA,NA,NA,NA,NA,NA,117,4.9,24.8,1,23.8,2185.73084023233,NA,NA,NA,NA,NA,NA,NA,NA,NA,NA,NA,NA,NA,NA,NA,NA,NA,NA,NA
"309",NA,NA,NA,0,2015,48.343572,10.846457,636818,5356135,0.302654973617667,"r",NA,NA,NA,NA,NA,NA,NA,NA,NA,147,5.1,16.7,1.7,15,2122.48208460078,NA,NA,NA,NA,NA,NA,NA,NA,NA,NA,NA,NA,NA,NA,NA,NA,NA,NA,NA
"310",NA,NA,NA,0,2015,48.344085,10.867587,638382,5356230,0.515939912674853,"s",NA,NA,NA,NA,NA,NA,NA,NA,NA,103,4.1,22.5,1.8,20.7,1567.57464115868,NA,NA,NA,NA,NA,NA,NA,NA,NA,NA,NA,NA,NA,NA,NA,NA,NA,NA,NA
"312",NA,NA,NA,0,2015,48.273767,10.905156,641360,5348483,0.33647035440459,"s",NA,NA,NA,NA,NA,NA,NA,NA,NA,82,2.6,18.1,2,16.1,727.552473708319,NA,NA,NA,NA,NA,NA,NA,NA,NA,NA,NA,NA,NA,NA,NA,NA,NA,NA,NA
"317",NA,NA,NA,0,2015,48.332189,10.911414,641662,5354988,0.425549452660684,"s",NA,NA,NA,NA,NA,NA,NA,NA,NA,100,4.2,20.2,1.5,18.7,1528.50437653212,NA,NA,NA,NA,NA,NA,NA,NA,NA,NA,NA,NA,NA,NA,NA,NA,NA,NA,NA
"318",NA,NA,NA,0,2015,48.352183,10.904128,641066,5357196,0.450973382186132,"s",NA,NA,NA,NA,NA,NA,NA,NA,NA,86,3.3,17.3,2.2,15.1,957.615675327735,NA,NA,NA,NA,NA,NA,NA,NA,NA,NA,NA,NA,NA,NA,NA,NA,NA,NA,NA
"319",NA,NA,NA,0,2015,48.350783,10.911186,641593,5357054,0.394476888384728,"s",NA,NA,NA,NA,NA,NA,NA,NA,NA,104,5.7,21.7,1.4,20.3,2591.19124913862,NA,NA,NA,NA,NA,NA,NA,NA,NA,NA,NA,NA,NA,NA,NA,NA,NA,NA,NA
"320",NA,NA,NA,0,2015,48.35495,10.927033,642756,5357546,0.29423758381602,"r",NA,NA,NA,NA,NA,NA,NA,NA,NA,NA,NA,NA,NA,NA,NA,NA,NA,NA,NA,NA,NA,NA,NA,NA,NA,NA,NA,NA,NA,NA,NA,NA,NA,NA
"321",NA,NA,NA,0,2015,48.358733,10.9078866,641327,5357931,0.442582427626625,"s",NA,NA,NA,NA,NA,NA,NA,NA,NA,NA,NA,NA,NA,NA,NA,NA,NA,NA,NA,NA,NA,NA,NA,NA,NA,NA,NA,NA,NA,NA,NA,NA,NA,NA
"322",NA,NA,NA,0,2015,48.376397,10.885956,639654,5359855,0.364564282697193,"s",NA,NA,NA,NA,NA,NA,NA,NA,NA,88,4.9,18.2,1.7,16.5,1903.65024852852,NA,NA,NA,NA,NA,NA,NA,NA,NA,NA,NA,NA,NA,NA,NA,NA,NA,NA,NA
"323",NA,NA,NA,0,2015,48.360594,10.877906,639101,5358083,0.389311145888825,"s",NA,NA,NA,NA,NA,NA,NA,NA,NA,99,5.7,21.7,1.9,19.8,2581.86077785802,NA,NA,NA,NA,NA,NA,NA,NA,NA,NA,NA,NA,NA,NA,NA,NA,NA,NA,NA
"324",NA,NA,NA,0,2015,48.336689,10.855986,637542,5355387,0.133474808138426,"r",NA,NA,NA,NA,NA,NA,NA,NA,NA,NA,NA,NA,NA,NA,NA,NA,NA,NA,NA,NA,NA,NA,NA,NA,NA,NA,NA,NA,NA,NA,NA,NA,NA,NA
"325",NA,NA,NA,0,2015,48.345522,10.901047,640857,5356450,0.40210777611242,"s",NA,NA,NA,NA,NA,NA,NA,NA,NA,NA,NA,NA,NA,NA,NA,NA,NA,NA,NA,NA,NA,NA,NA,NA,NA,NA,NA,NA,NA,NA,NA,NA,NA,NA
"326",NA,NA,NA,0,2015,48.374734,10.867891,638321,5359637,0.286313218177062,"r",NA,NA,NA,NA,NA,NA,NA,NA,NA,122,4.3,20.3,0,20.3,1654.99990144119,NA,NA,NA,NA,NA,NA,NA,NA,NA,NA,NA,NA,NA,NA,NA,NA,NA,NA,NA
"328",NA,NA,NA,0,2015,48.340916,10.905361,641189,5355946,0.325686528832787,"r",NA,NA,NA,NA,NA,NA,NA,NA,NA,89,3.7,16.3,1.6,14.7,1126.17795369991,NA,NA,NA,NA,NA,NA,NA,NA,NA,NA,NA,NA,NA,NA,NA,NA,NA,NA,NA
"333",NA,NA,NA,0,2015,48.403071,10.922447,642282,5362886,0.219852151799667,"r",NA,NA,NA,NA,NA,NA,NA,NA,NA,104,4.7,22.8,1.2,21.6,1947.19327312392,NA,NA,NA,NA,NA,NA,NA,NA,NA,NA,NA,NA,NA,NA,NA,NA,NA,NA,NA
"337",0.0596206532137556,0.251604308539827,0.333333333333333,0.644558295086916,2016,48.390041,10.914541,641733,5361424,0.832936501382252,"u",14293.2,79.2145,12.417,75.4841296337079,24.6635963417983,NA,NA,0.149822857142857,0.0396457142857143,100,6.5,15.9814800674211,2.75104235265676,13.2304377147644,31742.1569791712,301.014612407321,NA,NA,30.5,4,383.274303737955,1981.78571428571,291500,76128516.1290323,22915795775.7251,137.5,35909.6774193548,10809337.630059,261.161290322581,60804.9517062788,107,115,9,110
"338",NA,NA,NA,0,2016,48.387907,10.915647,641821,5361189,0.870252244942576,"u",NA,NA,NA,NA,NA,NA,NA,NA,NA,85,3.6,19.6,2,17.6,1184.49552890421,NA,NA,NA,NA,NA,NA,NA,NA,NA,NA,NA,NA,NA,NA,NA,NA,NA,NA,NA
"339",NA,0.0332981478890339,0.333333333333333,0.366631481222367,2016,48.38637,10.917251,641944,5361021,0.880098576564663,"u",2585.05,236.035,16.167,77.8857915865337,30.523425859958,NA,NA,0.123431818181818,0.0245381818181818,76,3.25,12.4257823333479,2.01428692542573,10.4114954079222,839.426012308097,111.361963944728,NA,NA,27.5,3.5,264.581006294515,4804.57957957958,714750,NA,NA,178.5,NA,NA,NA,24276.9081399507,103,111,9,104
"340",NA,0.259049519777116,0.333333333333333,0.592382853110449,2016,48.382346,10.917492,641973,5360574,0.932331276213288,"u",14692.5,16711.316,9.03995,67.4807343304547,27.835552550031,NA,NA,NA,NA,180,5.3,18.626538188117,2.64593811739109,15.9806000707259,2266.70712667298,280.336063956175,NA,NA,47,4.75,837.03809264083,3763.33333333333,737250,NA,NA,200,NA,NA,NA,63355.9504540955,98,106,9,102
"341",0.0575869796020002,0.262489643677141,0.611111111111111,0.931187734390252,2016,48.377858,10.889101,639883,5360023,0.97110205195014,"u",14877,98.5215,11.8235,66.524981414038,32.7750904093581,NA,NA,0.237671962616822,0.0580121495327103,125,3.8,15.6877262920649,2.74890217915266,12.9388241129123,1145.47177583781,160.98814884483,NA,NA,44,4.25,629.692977503904,4886.84333958724,872000,198816000,22140540223.635,180.5,41154,4582990.26418134,228,37671.2268296903,97,110,14,102
"342",NA,NA,NA,0,2016,48.387416,10.86638,638175,5361044,0.882383745337427,"u",NA,NA,NA,NA,NA,NA,NA,NA,NA,100,4.1,18.2,1.6,16.6,1393.14736705658,NA,NA,NA,NA,NA,NA,NA,NA,NA,NA,NA,NA,NA,NA,NA,NA,NA,NA,NA
"343",0.0493349447656179,0.591315145242893,0.333333333333333,0.973983423341845,2016,48.385475,10.853296,637212,5360805,0.79873354987284,"u",32512.5,128.265,13.1705,86.0080551081782,32.8771629287846,NA,NA,0.210669090909091,0.0664754545454545,130,5,13.7,1.07110664860351,12.6288933513965,2422.67200668218,213.356094712359,NA,NA,43.5,4.75,779.507677171967,5609.58614864865,864250,67757200,18994786752.6913,154,12073.6,3384665.50178127,78.4,53339.0236780899,96,104,9,100
"344",0.0705007060745598,0.105382727838042,0.333333333333333,0.509216767245936,2016,48.379367,10.846451,636721,5360114,0.813170811553126,"u",6451.075,71.9305,10.0766,51.076470448946,26.0101491804635,NA,NA,0.109991818181818,0.0240872727272727,125,4.9,17.7855306503702,1.17618845762378,16.6093421927465,1904.15007235203,266.575285769627,NA,NA,33,4,414.690230273853,10069.9025487256,1053000,96539040,27063374491.7077,104,9534.72,2672925.87572422,91.68,68776.4237285637,98,106,9,104
"347",NA,0.120617628844072,0.388888888888889,0.509506517732961,2016,48.347085,10.871084,638633,5356570,0.766908930178543,"u",7268.15,18358.287,10.238,62.9332581337078,22.5802962286621,NA,NA,0.190674358974359,0.0422837606837607,102,4.5,16.0275269519531,4.71930436616619,11.3082225857869,1982.99216208202,172.059194203505,NA,NA,26,3,183.783170235003,1642.26348364279,250750,40454333.3333333,NA,150.5,24280.6666666667,NA,161.333333333333,48520.6927653885,104,113,10,110
"348",NA,0.109512741083871,0.5,0.609512741083871,2016,48.3078,10.909663,641600,5352274,0.426830502240444,"s",6672.575,18047.942,6.83445,76.4128304043922,21.4653503217144,NA,NA,0.0923661290322581,0.0302137096774193,120,2.6,19.6337467252598,1.90549672719604,17.7282499980637,784.152593184144,146.355865169028,NA,NA,21.5,3,151.974544617406,2257.68872320596,215500,NA,NA,99,NA,NA,NA,42443.2008990181,102,113,12,106
"349",NA,NA,NA,0,2016,48.310176,10.906157,641333,5352532,0.466639759443473,"s",NA,NA,NA,NA,NA,NA,NA,NA,NA,100,3.4,19.2,1.7,17.5,1091.47307354582,NA,NA,NA,NA,NA,NA,NA,NA,NA,NA,NA,NA,NA,NA,NA,NA,NA,NA,NA
"350",NA,0.117914319195805,0.722222222222222,0.840136541418028,2016,48.309981,10.910207,641634,5352518,0.440627528828588,"s",7123.16666666667,63.8975,8.9605,74.2196433761458,19.4201379435413,NA,NA,0.253587128712871,0.0771326732673267,80,3.75,12.1090458914186,3.649463518893,8.45958237252556,2019.37248932766,109.015083225639,NA,NA,43,3.5,413.708482569606,8801.52717652718,1342000,NA,NA,160.5,NA,NA,NA,33358.6154670455,98,113,16,99
"352",0.0172750120166144,0.263039690587985,0.611111111111111,0.89142581371571,2016,48.340795,10.905433,641195,5355934,0.679832000250684,"u",14906.5,1175.95,49.3345,84.3168686070297,23.1614699688322,NA,NA,0.123921,0.022196,90,5.15,16.5356096851274,2.05920769491748,14.4764019902099,2229.67637087886,248.596331503084,NA,NA,36,3.25,304.243613546087,3609.36147186147,486750,25408350,6773238162.18469,136,7099.2,1892471.26873573,52.2,80048.018743993,100,113,14,102
"353",NA,NA,NA,0,2016,48.352371,10.902708,640961,5357215,0.922597135682149,"u",NA,NA,NA,NA,NA,NA,NA,NA,NA,110,2.8,16.1,1.9,14.2,733.193234933483,NA,NA,NA,NA,NA,NA,NA,NA,NA,NA,NA,NA,NA,NA,NA,NA,NA,NA,NA
"354",NA,NA,NA,0,2016,48.355496,10.898395,640633,5357555,0.984809289282004,"u",NA,NA,NA,NA,NA,NA,NA,NA,NA,130,3.2,17.9,1.5,16.4,964.146744689337,NA,NA,NA,NA,NA,NA,NA,NA,NA,NA,NA,NA,NA,NA,NA,NA,NA,NA,NA
"355",0.00495189959272942,0.368067574462535,0.388888888888889,0.761908362944153,2016,48.361011,10.915979,641920,5358200,0.933907595185473,"u",20539.3333333333,81.9305,12.6535,64.3708757704178,25.261028483131,NA,NA,0.256559677419355,0.0678354838709678,108,2.7,12.1394387679164,2.84512574086931,9.29431302704709,578.770916022318,82.0963331933119,NA,NA,32,3.5,333.401520362217,3072.68518518519,289250,11570000,2075551537.14123,84,3360,602753.082523296,40,28405.3312848859,98,107,10,101
"356",NA,0.251532211995581,0.722222222222222,0.973754434217803,2016,48.366541,10.901463,640830,5358788,1,"u",14289.3333333333,93.0935,10.2825,73.1125323438347,26.9143935942223,NA,NA,0.191053,0.038673,69,3.5,10.2547839840065,1.96833496093762,8.28644902306884,1412.38167382093,98.9083765164979,NA,NA,NA,NA,NA,NA,NA,NA,NA,NA,NA,NA,33.8,35013.5652868402,98,113,16,101
"367",0.0561552930389864,0.259618212345955,0.444444444444444,0.760217949829386,2016,48.403971,10.922653,642281,5362895,0.496846620649927,"s",14723,146.61,11.513,65.1171110188058,26.2252224595246,NA,NA,0.206769306930693,0.0540623762376238,175,5.1,18.2165830456541,1.49053922086139,16.7260438247927,2062.72352451274,280.167574521927,NA,NA,37,4,503.636572278614,3214.0873015873,568500,86866800,21594767809.4121,177.5,27122,6742429.70302664,152.8,123834.067938692,98,108,11,102
"371",NA,0.104970658796359,0.5,0.604970658796359,2016,48.335996,10.825538,635288,5355256,0.110162829981021,"r",6428.975,56.9475,7.7787,66.0268241662727,10.5811884295544,NA,NA,0.22009900990099,0.055990099009901,204,6.25,24.3656900417866,4.54781435217326,19.8178756896133,3109.14808877903,408.015431026072,NA,NA,32,3.25,273.416735632737,567.84715750233,93750,12218750,NA,150.5,19615.1666666667,NA,130.333333333333,193399.314306358,102,113,12,106
"372",NA,0.170220672807406,0.555555555555556,0.725776228362962,2016,48.272988,10.903997,641279,5348424,0.380057004645384,"s",9928.45,276.175,15.665,73.1134410610872,13.7286924568746,NA,NA,0.0668758928571429,0.0164089285714286,127,3.6,18.1664267504914,3.27000326519655,14.8964234852949,1083.99046615633,173.324547668989,NA,NA,NA,NA,NA,NA,NA,NA,NA,NA,NA,NA,20.4,83542.4319764527,101,113,13,102
"373",0,0.0958296249644515,0.5,0.595829624964451,2016,48.318889,10.915574,642007,5353518,0.434381994897249,"s",5938.725,51.796,4.675,62.6760405585136,13.174192247368,NA,NA,0.146130985915493,0.0309915492957747,168,7,23.6062395567368,2.28619269661384,21.3200468601229,3939.64605525987,493.47686509357,NA,NA,28,3.25,234.932225626262,651.979565772669,84250,2288052.63157895,187840731.205939,125.5,3408.31578947368,279810.228680658,27.1578947368421,241803.663895849,102,113,12,106
"374",0.000782041709134603,0.0962528814009314,0.611111111111111,0.708146034221177,2016,48.34482,10.835642,636013,5356255,0.167574951171997,"r",5961.425,165.885,11.66,58.0163003201275,10.8560478141005,NA,NA,0.409452,0.085396,175,9.3,18.4204781441233,1.71,16.7104781441233,10897.9187193368,558.744371911364,NA,NA,23,3.25,195.760492226814,661.195652173913,62750,5919416.66666667,485962402.97671,96,9056,743464.393398633,94.3333333333333,278254.697211859,102,115,14,108
"393",0.00823713333119236,0.334238135640794,0.333333333333333,0.67580860230532,2016,48.346501,10.939302,643689,5356631,0.495727637751632,"s",18725,37020.5,9.4,77.8241599306429,15.3770917636438,NA,NA,0.195801923076923,0.0407932692307692,162,5.3,21.7010252669255,4.56091992584165,17.1401053410838,2229.97437755798,298.722653675049,NA,NA,42.5,3.75,473.693267299086,5310.63034188034,591500,18099900,3327913607.89587,110.5,3381.3,621698.146529999,30.6,196559.506118182,99,107,9,101
"394",NA,NA,NA,0,2016,48.361838,10.936341,643692,5356632,0.495546615468612,"s",NA,NA,NA,NA,NA,NA,NA,NA,NA,101,3.7,18.2,1.8,16.4,1183.45913021408,NA,NA,NA,NA,NA,NA,NA,NA,NA,NA,NA,NA,NA,NA,NA,NA,NA,NA,NA
"395",NA,NA,NA,0,2016,48.363671,10.935152,643333,5358531,0.800928810029074,"u",NA,NA,NA,NA,NA,NA,NA,NA,NA,146,3.9,18.5,1.8,16.7,1292.34258124917,NA,NA,NA,NA,NA,NA,NA,NA,NA,NA,NA,NA,NA,NA,NA,NA,NA,NA,NA
"396",NA,NA,NA,0,2016,48.349716,10.873015,638769,5356866,0.830045982036354,"u",NA,NA,NA,NA,NA,NA,NA,NA,NA,175,3.8,19.3,1.8,17.5,1274.32962402145,NA,NA,NA,NA,NA,NA,NA,NA,NA,NA,NA,NA,NA,NA,NA,NA,NA,NA,NA
"397",0.0330290361953112,0.296569245076976,0.277777777777778,0.607376059050065,2016,48.344356,10.867572,638380,5356260,0.666169765117061,"s",16704.75,87.0545,9.515,49.606607986196,16.4072602213276,NA,NA,0.169081,0.047528,130,5.7,18.4919926235456,5.96113123340044,12.5308613901452,5564.66420169279,246.515166646477,NA,NA,29,3.75,326.13658735079,1033.73121131742,181750,45611347.826087,12778820691.1107,170,42662.6086956522,11952679.6010389,250.95652173913,170095.464986069,99,106,8,104
"398",0.0122908661987217,0.117202055060407,0.666666666666667,0.796159587925796,2016,48.344131,10.867612,638384,5356235,0.660879058609375,"s",7084.96666666667,84.229,12.44,62.6273148066927,18.1261926451511,NA,NA,0.21544375,0.0153651785714286,140,5.05,17.6528929923683,4.38027585934544,13.2726171330229,2308.82569535743,225.297499365404,NA,NA,27,3.25,226.587370140164,830.694879832811,117000,17394000,4873234791.23439,140.5,20887.6666666667,5852046.90742249,148.666666666667,157257.654557052,101,115,15,108
"403",NA,0.0964267521617321,0.444444444444444,0.540871196606177,2016,48.347156,10.883676,639566,5356601,0.877939011227365,"u",5970.75,107.658,8.2,60.4139942090799,21.6709991875612,NA,NA,0.296988349514563,0.0639912621359223,120,3.8,18.1169981566411,4.288475778961,13.8285223776801,1156.57239323209,171.205165815744,NA,NA,34,3.5,327.118335055037,629.72972972973,104000,16818285.7142857,NA,166.5,26925.4285714286,NA,161.714285714286,126349.412372019,95,105,11,102
"404",NA,0.101351070438136,0.388888888888889,0.490239959327025,2016,48.371742,10.883748,639504,5359334,1,"u",6234.85,53.262,5.335,77.7585489755533,25.0197998277253,NA,NA,0.166360683760684,0.0578213675213675,100,4.3,19.5763038889131,2.48611668924562,17.0901871996675,1521.2555806294,238.064277514933,NA,NA,41,3.5,394.466227566368,1323.93617021277,246500,24058400,NA,184,17958.4,NA,97.6,177595.95102614,98,107,10,101
"405",0.0282016818150211,0.168108119756605,0.222222222222222,0.418532023793848,2016,48.374658,10.867051,638320,5359638,0.977617375076458,"u",9815.15,1069.01,46.1,91.7079875348934,21.1148825096776,NA,NA,0.113614545454545,0.00107454545454546,105,5.35,13.2036840722101,0.82511336474076,12.3785707074693,3614.4937242465,226.653335050383,NA,NA,36,3.25,305.519885561607,1457.57575757576,226000,26809250,10938587694.2357,163.5,19395.1875,7913535.78764398,118.625,170896.614627989,113,119,7,118
"406",0.1538585955819,0.251460736973268,NA,0.405319332555168,2016,48.344674,10.868143,638421,5356297,0.680190943717759,"u",14285.5,52.1805,6.865,71.7276320532002,18.8560156743277,NA,NA,0.262497,0.073894,171,5.5,22.5728817075894,3.80972792462218,18.7631537829673,2399.91564627196,337.845458311559,NA,NA,27.5,3.25,231.397933890973,3976.89189189189,648250,144210692.307692,58840187780.4913,161.5,35927.5384615385,14658990.0910904,222.461538461538,257438.239233408,NA,NA,NA,NA
"410",0.275820923911616,0.151888261867005,0.277777777777778,0.705486963556399,2016,48.383316,10.849258,636919,5360558,0.823244056574781,"u",8945.25,62.937,5.51,72.3257407576278,21.7908692414562,NA,NA,0.203199038461538,0.0629480769230769,185,5,24.7073681444202,1.35089870143565,23.3564694429845,2224.08637547745,375.195040713675,NA,NA,41,4.75,736.016253873834,8230.92165898618,1210500,213451500,105333377069.52,149.5,26361.8333333333,13008954.8714525,176.333333333333,297904.862326658,98,105,8,102
"414",0.322091825811905,0.20384904928377,0.222222222222222,0.748163097317897,2016,48.3867,10.86146,637813,5360956,0.859325785681978,"u",11732,73.621,9.925,67.5447085438566,29.5359990805468,NA,NA,0.17267,0.0369609090909091,85,3,13.7,0.860878256677875,12.8391217433221,764.498758514595,124.265276438561,NA,NA,40.5,4.5,644.124668756332,10433.0086580087,1417500,199867500,122972281066.239,136,19176,11798398.7478014,141,102643.118338251,96,102,7,97
"417",NA,0.130744085701001,0,0.130744085701001,2016,48.314605,10.849206,637099,5352921,0.112725396719944,"r",7811.25,818.735,20.29,73.039881989972,15.262475901235,NA,NA,0.235067,0.049167,170,4.3,21.0692915170774,5.41284212746433,15.6564493896131,1481.13335538602,219.332454856309,NA,NA,NA,NA,NA,NA,NA,NA,NA,NA,NA,NA,71.8518518518518,186432.586627863,103,105,3,104
"420",NA,NA,NA,0,2016,48.385021,10.84628,636694,5360742,0.725878208654351,"u",NA,NA,NA,NA,NA,NA,NA,NA,NA,117,4.9,24.8,1,23.8,2185.73084023233,NA,NA,NA,NA,NA,NA,NA,NA,NA,NA,NA,NA,NA,NA,NA,NA,NA,NA,NA
"421",NA,NA,NA,0,2016,48.343572,10.846457,636818,5356135,0.302654973617667,"r",NA,NA,NA,NA,NA,NA,NA,NA,NA,147,5.1,16.7,1.7,15,2122.48208460078,NA,NA,NA,NA,NA,NA,NA,NA,NA,NA,NA,NA,NA,NA,NA,NA,NA,NA,NA
"422",NA,NA,NA,0,2016,48.344085,10.867587,638382,5356230,0.515939912674853,"s",NA,NA,NA,NA,NA,NA,NA,NA,NA,103,4.1,22.5,1.8,20.7,1567.57464115868,NA,NA,NA,NA,NA,NA,NA,NA,NA,NA,NA,NA,NA,NA,NA,NA,NA,NA,NA
"424",NA,NA,NA,0,2016,48.273767,10.905156,641360,5348483,0.33647035440459,"s",NA,NA,NA,NA,NA,NA,NA,NA,NA,82,2.6,18.1,2,16.1,727.552473708319,NA,NA,NA,NA,NA,NA,NA,NA,NA,NA,NA,NA,NA,NA,NA,NA,NA,NA,NA
"429",NA,NA,NA,0,2016,48.332189,10.911414,641662,5354988,0.425549452660684,"s",NA,NA,NA,NA,NA,NA,NA,NA,NA,100,4.2,20.2,1.5,18.7,1528.50437653212,NA,NA,NA,NA,NA,NA,NA,NA,NA,NA,NA,NA,NA,NA,NA,NA,NA,NA,NA
"430",NA,NA,NA,0,2016,48.352183,10.904128,641066,5357196,0.450973382186132,"s",NA,NA,NA,NA,NA,NA,NA,NA,NA,86,3.3,17.3,2.2,15.1,957.615675327735,NA,NA,NA,NA,NA,NA,NA,NA,NA,NA,NA,NA,NA,NA,NA,NA,NA,NA,NA
"431",NA,NA,NA,0,2016,48.350783,10.911186,641593,5357054,0.394476888384728,"s",NA,NA,NA,NA,NA,NA,NA,NA,NA,104,5.7,21.7,1.4,20.3,2591.19124913862,NA,NA,NA,NA,NA,NA,NA,NA,NA,NA,NA,NA,NA,NA,NA,NA,NA,NA,NA
"432",NA,NA,NA,0,2016,48.35495,10.927033,642756,5357546,0.29423758381602,"r",NA,NA,NA,NA,NA,NA,NA,NA,NA,NA,NA,NA,NA,NA,NA,NA,NA,NA,NA,NA,NA,NA,NA,NA,NA,NA,NA,NA,NA,NA,NA,NA,NA,NA
"433",NA,NA,NA,0,2016,48.358733,10.9078866,641327,5357931,0.442582427626625,"s",NA,NA,NA,NA,NA,NA,NA,NA,NA,NA,NA,NA,NA,NA,NA,NA,NA,NA,NA,NA,NA,NA,NA,NA,NA,NA,NA,NA,NA,NA,NA,NA,NA,NA
"434",NA,NA,NA,0,2016,48.376397,10.885956,639654,5359855,0.364564282697193,"s",NA,NA,NA,NA,NA,NA,NA,NA,NA,88,4.9,18.2,1.7,16.5,1903.65024852852,NA,NA,NA,NA,NA,NA,NA,NA,NA,NA,NA,NA,NA,NA,NA,NA,NA,NA,NA
"435",NA,NA,NA,0,2016,48.360594,10.877906,639101,5358083,0.389311145888825,"s",NA,NA,NA,NA,NA,NA,NA,NA,NA,99,5.7,21.7,1.9,19.8,2581.86077785802,NA,NA,NA,NA,NA,NA,NA,NA,NA,NA,NA,NA,NA,NA,NA,NA,NA,NA,NA
"436",NA,NA,NA,0,2016,48.336689,10.855986,637542,5355387,0.133474808138426,"r",NA,NA,NA,NA,NA,NA,NA,NA,NA,NA,NA,NA,NA,NA,NA,NA,NA,NA,NA,NA,NA,NA,NA,NA,NA,NA,NA,NA,NA,NA,NA,NA,NA,NA
"437",NA,NA,NA,0,2016,48.345522,10.901047,640857,5356450,0.40210777611242,"s",NA,NA,NA,NA,NA,NA,NA,NA,NA,NA,NA,NA,NA,NA,NA,NA,NA,NA,NA,NA,NA,NA,NA,NA,NA,NA,NA,NA,NA,NA,NA,NA,NA,NA
"438",NA,NA,NA,0,2016,48.374734,10.867891,638321,5359637,0.286313218177062,"r",NA,NA,NA,NA,NA,NA,NA,NA,NA,122,4.3,20.3,0,20.3,1654.99990144119,NA,NA,NA,NA,NA,NA,NA,NA,NA,NA,NA,NA,NA,NA,NA,NA,NA,NA,NA
"440",NA,NA,NA,0,2016,48.340916,10.905361,641189,5355946,0.325686528832787,"r",NA,NA,NA,NA,NA,NA,NA,NA,NA,89,3.7,16.3,1.6,14.7,1126.17795369991,NA,NA,NA,NA,NA,NA,NA,NA,NA,NA,NA,NA,NA,NA,NA,NA,NA,NA,NA
"445",NA,NA,NA,0,2016,48.403071,10.922447,642282,5362886,0.219852151799667,"r",NA,NA,NA,NA,NA,NA,NA,NA,NA,104,4.7,22.8,1.2,21.6,1947.19327312392,NA,NA,NA,NA,NA,NA,NA,NA,NA,NA,NA,NA,NA,NA,NA,NA,NA,NA,NA
"449",NA,NA,NA,0,2017,48.390041,10.914541,641733,5361424,0.832936501382252,"u",NA,NA,NA,NA,NA,NA,NA,NA,NA,100,6.5,15.9814800674211,2.75104235265676,13.2304377147644,31742.1569791712,301.014612407321,NA,NA,NA,NA,NA,NA,NA,NA,NA,NA,NA,NA,NA,NA,NA,NA,NA,NA
"450",NA,NA,NA,0,2017,48.387907,10.915647,641821,5361189,0.870252244942576,"u",NA,NA,NA,NA,NA,NA,NA,NA,NA,85,3.6,19.6,2,17.6,1184.49552890421,NA,NA,NA,NA,NA,NA,NA,NA,NA,NA,NA,NA,NA,NA,NA,NA,NA,NA,NA
"451",NA,0.0382588251985272,0.277777777777778,0.316036602976305,2017,48.38637,10.917251,641944,5361021,0.880098576564663,"u",2851.1,117.075,4.5818,74.375,32.425,NA,NA,0.132266055045872,0.0162091743119266,76,3.25,12.4257823333479,2.01428692542573,10.4114954079222,839.426012308097,111.361963944728,4.86,0.44,30,3.75,340.17557952152,1284.8536036036,210750,43836000,NA,152.5,23424,NA,153.6,NA,91,98,8,96
"452",NA,0.508360612824417,0.166666666666667,0.675027279491084,2017,48.382346,10.917492,641973,5360574,0.932331276213288,"u",28063.5,53.6435,9.3561,76.2,28.4,NA,NA,0.205031428571429,0.0340180952380952,180,5.3,18.626538188117,2.64593811739109,15.9806000707259,2266.70712667298,280.336063956175,4.82,0.42,34.5,3.5,331.928898805847,21345.1149425287,2835250,601073000,NA,132.5,25016,NA,188.8,NA,87,92,6,89
"453",0.0424307924636513,0.144354483754241,0,0.186785276217892,2017,48.377858,10.889101,639883,5360023,0.97110205195014,"u",8541.2,NA,7.1485,76.6,32.825,NA,NA,0.265147272727273,0.0406572727272727,125,3.8,15.6877262920649,2.74890217915266,12.9388241129123,1145.47177583781,160.98814884483,5.26,0.42,37,4,464.955712731289,4604.47214076246,680250,146934000,16362858810.2547,132.5,29008.6666666667,3230462.09141797,218.933333333333,24380.8459729658,91,93,3,92
"454",NA,NA,NA,0,2017,48.387416,10.86638,638175,5361044,0.882383745337427,"u",NA,NA,NA,NA,NA,NA,NA,NA,NA,100,4.1,18.2,1.6,16.6,1393.14736705658,NA,NA,NA,NA,NA,NA,NA,NA,NA,NA,NA,NA,NA,NA,NA,NA,NA,NA,NA
"455",0.376689655800052,0.178825643971966,0.222222222222222,0.77773752199424,2017,48.385475,10.853296,637212,5360805,0.79873354987284,"u",10389.95,98.4785,8.8505,71.25,28.5,NA,NA,0.25681,0.0206736363636364,130,5,13.7,1.07110664860351,12.6288933513965,2422.67200668218,213.356094712359,5.84,0.42,56,4.5,890.641517292706,13142.0203735144,2289750,512904000,143785488547.378,172.5,93297.8571428571,26154754.0469741,540.857142857143,151621.762591154,90,96,7,92
"456",0.0120404336372833,0.0680480606937797,0.277777777777778,0.357866272108841,2017,48.379367,10.846451,636721,5360114,0.813170811553126,"u",4448.75,87.3205,6.5883,54.625,21.325,NA,NA,0.0998638888888889,0.0122888888888889,125,4.9,17.7855306503702,1.17618845762378,16.6093421927465,1904.15007235203,266.575285769627,4.22,0.36,27.5,3,194.386045440868,636.454545454545,74750,17043000,4777767538.00509,117.5,15610.7142857143,4376246.19840157,132.857142857143,37244.6484970347,91,98,8,92
"459",NA,0.447491862300678,0.333333333333333,0.780825195634012,2017,48.347085,10.871084,638633,5356570,0.766908930178543,"u",24799,79.853,9.79465,76.95,23.7,NA,NA,0.119245544554455,0.0194306930693069,102,4.5,16.0275269519531,4.71930436616619,11.3082225857869,1982.99216208202,172.059194203505,4.42,0.38,28.5,3,201.454628911445,6765.61538461538,868250,208380000,NA,127.5,19805,NA,155.333333333333,NA,92,100,9,96
"460",NA,NA,NA,0,2017,48.3078,10.909663,641600,5352274,0.426830502240444,"s",NA,NA,NA,NA,NA,NA,NA,NA,NA,120,2.6,19.6337467252598,1.90549672719604,17.7282499980637,784.152593184144,146.355865169028,NA,NA,NA,NA,NA,NA,NA,NA,NA,NA,NA,NA,NA,NA,NA,NA,NA,NA
"461",NA,NA,NA,0,2017,48.310176,10.906157,641333,5352532,0.466639759443473,"s",NA,NA,NA,NA,NA,NA,NA,NA,NA,100,3.4,19.2,1.7,17.5,1091.47307354582,NA,NA,NA,NA,NA,NA,NA,NA,NA,NA,NA,NA,NA,NA,NA,NA,NA,NA,NA
"462",0.0148453386634045,0.0549933032487817,0.555555555555556,0.625394197467742,2017,48.309981,10.910207,641634,5352518,0.440627528828588,"s",3748.6,15069.4885,6.81405,79.325,18.9,NA,NA,0.15419702970297,0.0310594059405941,80,3.75,12.1090458914186,3.649463518893,8.45958237252556,2019.37248932766,109.015083225639,4.68,0.34,28,3,197.920337176157,1138.71428571429,108750,27405000,5847023775.59221,97.5,10846.875,2314246.88983312,111.25,23735.86553675,91,103,13,91
"464",0.215003424414483,0.153431190066067,0.333333333333333,0.701767947813883,2017,48.340795,10.905433,641195,5355934,0.679832000250684,"u",9028,NA,146.37,84.275,23.225,NA,NA,0.217767326732673,0.00842376237623762,90,5.15,16.5356096851274,2.05920769491748,14.4764019902099,2229.67637087886,248.596331503084,4.58,0.44,31.5,3.75,339.881055210246,12455.3333333333,1185250,308165000,82149172939.197,100,13866.6666666667,3696510.62933882,138.666666666667,36965.1062933882,90,98,9,90
"465",NA,NA,NA,0,2017,48.352371,10.902708,640961,5357215,0.922597135682149,"u",NA,NA,NA,NA,NA,NA,NA,NA,NA,110,2.8,16.1,1.9,14.2,733.193234933483,NA,NA,NA,NA,NA,NA,NA,NA,NA,NA,NA,NA,NA,NA,NA,NA,NA,NA,NA
"466",NA,NA,NA,0,2017,48.355496,10.898395,640633,5357555,0.984809289282004,"u",NA,NA,NA,NA,NA,NA,NA,NA,NA,130,3.2,17.9,1.5,16.4,964.146744689337,NA,NA,NA,NA,NA,NA,NA,NA,NA,NA,NA,NA,NA,NA,NA,NA,NA,NA,NA
"467",NA,NA,NA,0,2017,48.361011,10.915979,641920,5358200,0.933907595185473,"u",NA,NA,NA,NA,NA,NA,NA,NA,NA,108,2.7,12.1394387679164,2.84512574086931,9.29431302704709,578.770916022318,82.0963331933119,NA,NA,NA,NA,NA,NA,NA,NA,NA,NA,NA,NA,NA,NA,NA,NA,NA,NA
"468",0.0231131217255015,0.203979568889733,0.444444444444444,0.671537135059679,2017,48.366541,10.901463,640830,5358788,1,"u",11739,106.299,1.211285,70.15,23.775,NA,NA,0.08247,0.010624,69,3.5,10.2547839840065,1.96833496093762,8.28644902306884,1412.38167382093,98.9083765164979,5.12,0.44,34.5,3.5,331.928898805847,1421.86520376176,181750,50163000,8998780618.63574,127.5,19470,3492738.84426446,152.705882352941,27394.0301510938,91,101,11,91
"479",0.082874955488315,0.109188772776213,0.222222222222222,0.41428595048675,2017,48.403971,10.922653,642281,5362895,0.496846620649927,"s",6655.2,149.745,3.5983,86.1,31.35,NA,NA,0.175606603773585,0.0336047169811321,175,5.1,18.2165830456541,1.49053922086139,16.7260438247927,2062.72352451274,280.167574521927,4.36,0.34,34,3.5,327.118335055037,2775.06793478261,399500,127840000,31780555019.3543,137.5,32376.6666666667,8048720.55963152,235.466666666667,58536.1495245928,92,98,7,96
"483",NA,0.119177251763981,0.444444444444444,0.563621696208425,2017,48.335996,10.825538,635288,5355256,0.110162829981021,"r",7190.9,109.68,4.6168,93.925,9.325,NA,NA,0.092231,0.006491,204,6.25,24.3656900417866,4.54781435217326,19.8178756896133,3109.14808877903,408.015431026072,4.92,0.32,26,3.25,222.071330700628,3500.13368983957,354500,119112000,NA,97.5,8726.25,NA,89.5,NA,92,102,11,98
"484",NA,NA,NA,0,2017,48.272988,10.903997,641279,5348424,0.380057004645384,"s",NA,NA,NA,NA,NA,NA,NA,NA,NA,127,3.6,18.1664267504914,3.27000326519655,14.8964234852949,1083.99046615633,173.324547668989,NA,NA,NA,NA,NA,NA,NA,NA,NA,NA,NA,NA,NA,NA,NA,NA,NA,NA
"485",0.0100455575513022,0.119794423043606,0.611111111111111,0.740951091706019,2017,48.318889,10.915574,642007,5353518,0.434381994897249,"s",7224,158.005,8.60125,96.475,13.85,NA,NA,0.173221,0.021436,168,7,23.6062395567368,2.28619269661384,21.3200468601229,3939.64605525987,493.47686509357,4.34,0.42,25,3,176.714586764426,1533.91812865497,142250,48934000,4017301968.48152,92.5,11914,978095.713665118,128.8,10574.0077152986,92,105,14,93
"486",0.0104866098404234,0.494572148737327,0.333333333333333,0.838392091911084,2017,48.34482,10.835642,636013,5356255,0.167574951171997,"r",27324,141.03,12.0275,86.325,9.05,NA,NA,0.080126,0.008692,175,9.3,18.4204781441233,1.71,16.7104781441233,10897.9187193368,558.744371911364,3.7,0.4,26,3,183.783170235003,1660.29411764706,146500,50982000,4185435258.86143,87.5,8677.08333333333,712356.724479467,99.1666666666667,8141.21970833676,94,102,9,100
"505",0.454422508110694,0.0844658733190906,0.388888888888889,0.927777270318674,2017,48.346501,10.939302,643689,5356631,0.495727637751632,"s",5329.26666666667,111.72,8.1851,77.575,13.975,NA,NA,0.149673,0.008719,162,5.3,21.7010252669255,4.56091992584165,17.1401053410838,2229.97437755798,298.722653675049,3.8,0.36,44.5,3.5,428.140173822034,13976.7767767768,2224500,943188000,173417984629.976,160,35626.6666666667,6550448.83142837,222.666666666667,40940.3051964273,90,99,10,90
"506",NA,NA,NA,0,2017,48.361838,10.936341,643692,5356632,0.495546615468612,"s",NA,NA,NA,NA,NA,NA,NA,NA,NA,101,3.7,18.2,1.8,16.4,1183.45913021408,NA,NA,NA,NA,NA,NA,NA,NA,NA,NA,NA,NA,NA,NA,NA,NA,NA,NA,NA
"507",NA,NA,NA,0,2017,48.363671,10.935152,643333,5358531,0.800928810029074,"u",NA,NA,NA,NA,NA,NA,NA,NA,NA,146,3.9,18.5,1.8,16.7,1292.34258124917,NA,NA,NA,NA,NA,NA,NA,NA,NA,NA,NA,NA,NA,NA,NA,NA,NA,NA,NA
"508",NA,NA,NA,0,2017,48.349716,10.873015,638769,5356866,0.830045982036354,"u",NA,NA,NA,NA,NA,NA,NA,NA,NA,175,3.8,19.3,1.8,17.5,1274.32962402145,NA,NA,NA,NA,NA,NA,NA,NA,NA,NA,NA,NA,NA,NA,NA,NA,NA,NA,NA
"509",0.143085907049478,0.29821472439501,0.333333333333333,0.774633964777821,2017,48.344356,10.867572,638380,5356260,0.666169765117061,"s",16793,216.06,17.364,78.35,16.475,NA,NA,0.092291,0.00908100000000001,130,5.7,18.4919926235456,5.96113123340044,12.5308613901452,5564.66420169279,246.515166646477,4.42,0.4,27,3,190.85175370558,3617.59259259259,444000,195360000,54733537358.6036,112.5,18607.5,5213218.14291675,165.4,46339.7168259267,92,100,9,94
"510",0.154262200196582,0.109751871647653,0.444444444444444,0.70845851628868,2017,48.344131,10.867612,638384,5356235,0.660879058609375,"s",6685.4,203.675,20.0935,75.15,15,NA,NA,0.10739900990099,0.00522772277227722,140,5.05,17.6528929923683,4.38027585934544,13.2726171330229,2308.82569535743,225.297499365404,4.08,0.38,29.5,3,208.523212382023,3333.97435897436,474250,210567000,58994045664.3585,140,14353.6842105263,4021436.89071683,102.526315789474,28724.5492194059,94,104,11,96
"515",NA,0.0362749271878898,0.5,0.53627492718789,2017,48.347156,10.883676,639566,5356601,0.877939011227365,"u",2744.7,66.7085,4.7647,71.2,24.075,NA,NA,0.257657,0.044068,120,3.8,18.1169981566411,4.288475778961,13.8285223776801,1156.57239323209,171.205165815744,4.44,0.38,35,4,439.822971502571,15524.5833333333,1701000,789264000,NA,110,28522.3529411765,NA,259.294117647059,NA,88,99,12,94
"516",NA,0.137870766947546,0.166666666666667,0.304537433614213,2017,48.371742,10.883748,639504,5359334,1,"u",8193.46666666667,87.981,6.30775,79.425,24.675,NA,NA,0.11618932038835,0.0298417475728155,100,4.3,19.5763038889131,2.48611668924562,17.0901871996675,1521.2555806294,238.064277514933,4,0.26,36.5,3.25,307.777905281375,6688.27272727273,767000,358956000,NA,117.5,16651.4285714286,NA,141.714285714286,NA,90,95,6,90
"517",0.0943567188922759,NA,0.222222222222222,0.316578941114498,2017,48.374658,10.867051,638320,5359638,0.977617375076458,"u",NA,NA,NA,86.425,20.925,NA,NA,0.124659090909091,0,105,5.35,13.2036840722101,0.82511336474076,12.3785707074693,3614.4937242465,226.653335050383,4.72,0.38,25,2.75,151.876369846982,1737.66233766234,187750,88618000,36157511466.6684,107.5,16073.8095238095,6558362.32108812,149.52380952381,61008.0215915174,98,104,7,101
"518",NA,NA,NA,0,2017,48.344674,10.868143,638421,5356297,0.680190943717759,"u",NA,NA,NA,NA,NA,NA,NA,NA,NA,171,5.5,22.5728817075894,3.80972792462218,18.7631537829673,2399.91564627196,337.845458311559,NA,NA,NA,NA,NA,NA,NA,NA,NA,NA,NA,NA,NA,NA,NA,NA,NA,NA
"522",0.133733004308654,0.0329709165912267,0.166666666666667,0.333370587566547,2017,48.383316,10.849258,636919,5360558,0.823244056574781,"u",2567.5,127.72,3.87285,92.95,20.875,NA,NA,0.150562857142857,0.0394123809523809,185,5,24.7073681444202,1.35089870143565,23.3564694429845,2224.08637547745,375.195040713675,4.42,0.4,28.5,3.5,274.202133796134,1896.3768115942,210750,103689000,51168122664.6872,110,19360,9553712.10821151,176,86851.9282564683,91,96,6,93
"526",1,0.0902317322929889,0.111111111111111,1,2017,48.3867,10.86146,637813,5360956,0.859325785681978,"u",5638.5,168.535,10.5425,72.925,30.025,NA,NA,0.174278181818182,0.0299936363636364,85,3,13.7,0.860878256677875,12.8391217433221,764.498758514595,124.265276438561,4.42,0.34,39.5,4,496.371639267187,10300,1220250,619887000,381397267656.361,117.5,22862.1428571429,14066368.2549944,194.571428571429,119713.772382931,88,92,5,90
"529",NA,0.0861582775430774,0.888888888888889,0.975047166431966,2017,48.314605,10.849206,637099,5352921,0.112725396719944,"r",5420.03333333333,150.065,9.73375,74.15,13.275,NA,NA,0.168492523364486,0.0285028037383178,170,4.3,21.0692915170774,5.41284212746433,15.6564493896131,1481.13335538602,219.332454856309,5.34,0.48,28,3.5,269.391570045325,1483.71710526316,130500,67860000,NA,87.5,31115,NA,355.6,NA,93,111,19,93
"532",0.135207293477435,0.0290808108115965,0.277777777777778,0.442065882066809,2017,48.385021,10.84628,636694,5360742,0.725878208654351,"u",2358.86666666667,105.8,5.6018,86.05,20.575,NA,NA,0.114147272727273,0.0231181818181818,117,4.9,24.8,1,23.8,2185.73084023233,NA,4.06,0.32,28.5,3.5,274.202133796134,5303.76811594203,501000,266532000,51730135593.8402,95,21533.3333333333,4179319.00530027,226.666666666667,43992.8316347397,91,98,8,93
"533",0.033781863359541,0.0591545479717516,0.944444444444444,1,2017,48.343572,10.846457,636818,5356135,0.302654973617667,"r",3971.775,604.505,23.3185,104.825,11.325,NA,NA,0.155974757281553,0.0302116504854369,147,5.1,16.7,1.7,15,2122.48208460078,NA,4.54,0.38,31.5,3.5,303.06551630099,1123.65384615385,128750,69010000,13065805502.9605,115,11000,2082652.66675214,95.6521739130435,18110.023189149,83,102,20,84
"534",0.0271986146616302,0.0923564050214864,0.222222222222222,0.341777241905339,2017,48.344085,10.867587,638382,5356230,0.515939912674853,"s",5752.45,131.335,7.50735,62.375,16.775,NA,NA,0.0810961904761905,0.01212,103,4.1,22.5,1.8,20.7,1567.57464115868,NA,4.06,0.36,27.5,3,194.386045440868,897.348484848485,103250,55755000,10556209039.5241,115,12011.1111111111,2274088.41692834,104.444444444444,19774.6818863334,91,97,7,94
"536",0.0631892707792185,0.0732287567676106,0.222222222222222,0.358640249769051,2017,48.273767,10.905156,641360,5348483,0.33647035440459,"s",4726.6,239.19,11.2,73.675,14.925,NA,NA,0.10498,0.002854,82,2.6,18.1,2,16.1,727.552473708319,NA,3.12,0.42,20.5,3.5,197.233113783184,1910.59027777778,177750,97407000,24276186432.7703,82.5,11514.2857142857,2869639.21114688,123.809523809524,30856.3356037299,99,105,7,100
"541",NA,NA,NA,0,2017,48.332189,10.911414,641662,5354988,0.425549452660684,"s",NA,NA,NA,NA,NA,NA,NA,NA,NA,100,4.2,20.2,1.5,18.7,1528.50437653212,NA,NA,NA,NA,NA,NA,NA,NA,NA,NA,NA,NA,NA,NA,NA,NA,NA,NA,NA
"542",NA,NA,NA,0,2017,48.352183,10.904128,641066,5357196,0.450973382186132,"s",NA,NA,NA,NA,NA,NA,NA,NA,NA,86,3.3,17.3,2.2,15.1,957.615675327735,NA,NA,NA,NA,NA,NA,NA,NA,NA,NA,NA,NA,NA,NA,NA,NA,NA,NA,NA
"543",NA,NA,NA,0,2017,48.350783,10.911186,641593,5357054,0.394476888384728,"s",NA,NA,NA,NA,NA,NA,NA,NA,NA,104,5.7,21.7,1.4,20.3,2591.19124913862,NA,NA,NA,NA,NA,NA,NA,NA,NA,NA,NA,NA,NA,NA,NA,NA,NA,NA,NA
"544",NA,NA,NA,0,2017,48.35495,10.927033,642756,5357546,0.29423758381602,"r",NA,NA,NA,NA,NA,NA,NA,NA,NA,NA,NA,NA,NA,NA,NA,NA,NA,NA,NA,NA,NA,NA,NA,NA,NA,NA,NA,NA,NA,NA,NA,NA,NA,NA
"545",NA,NA,NA,0,2017,48.358733,10.9078866,641327,5357931,0.442582427626625,"s",NA,NA,NA,NA,NA,NA,NA,NA,NA,NA,NA,NA,NA,NA,NA,NA,NA,NA,NA,NA,NA,NA,NA,NA,NA,NA,NA,NA,NA,NA,NA,NA,NA,NA
"546",NA,NA,NA,0,2017,48.376397,10.885956,639654,5359855,0.364564282697193,"s",NA,NA,NA,NA,NA,NA,NA,NA,NA,88,4.9,18.2,1.7,16.5,1903.65024852852,NA,NA,NA,NA,NA,NA,NA,NA,NA,NA,NA,NA,NA,NA,NA,NA,NA,NA,NA
"547",NA,NA,NA,0,2017,48.360594,10.877906,639101,5358083,0.389311145888825,"s",NA,NA,NA,NA,NA,NA,NA,NA,NA,99,5.7,21.7,1.9,19.8,2581.86077785802,NA,NA,NA,NA,NA,NA,NA,NA,NA,NA,NA,NA,NA,NA,NA,NA,NA,NA,NA
"548",NA,NA,NA,0,2017,48.336689,10.855986,637542,5355387,0.133474808138426,"r",NA,NA,NA,NA,NA,NA,NA,NA,NA,NA,NA,NA,NA,NA,NA,NA,NA,NA,NA,NA,NA,NA,NA,NA,NA,NA,NA,NA,NA,NA,NA,NA,NA,NA
"549",NA,NA,NA,0,2017,48.345522,10.901047,640857,5356450,0.40210777611242,"s",NA,NA,NA,NA,NA,NA,NA,NA,NA,NA,NA,NA,NA,NA,NA,NA,NA,NA,NA,NA,NA,NA,NA,NA,NA,NA,NA,NA,NA,NA,NA,NA,NA,NA
"550",NA,NA,NA,0,2017,48.374734,10.867891,638321,5359637,0.286313218177062,"r",NA,NA,NA,NA,NA,NA,NA,NA,NA,122,4.3,20.3,0,20.3,1654.99990144119,NA,NA,NA,NA,NA,NA,NA,NA,NA,NA,NA,NA,NA,NA,NA,NA,NA,NA,NA
"552",NA,NA,NA,0,2017,48.340916,10.905361,641189,5355946,0.325686528832787,"r",NA,NA,NA,NA,NA,NA,NA,NA,NA,89,3.7,16.3,1.6,14.7,1126.17795369991,NA,NA,NA,NA,NA,NA,NA,NA,NA,NA,NA,NA,NA,NA,NA,NA,NA,NA,NA
"557",NA,NA,NA,0,2017,48.403071,10.922447,642282,5362886,0.219852151799667,"r",NA,NA,NA,NA,NA,NA,NA,NA,NA,104,4.7,22.8,1.2,21.6,1947.19327312392,NA,NA,NA,NA,NA,NA,NA,NA,NA,NA,NA,NA,NA,NA,NA,NA,NA,NA,NA
"561",NA,NA,NA,0,2018,48.390041,10.914541,641733,5361424,0.832936501382252,"u",NA,NA,NA,NA,NA,NA,NA,NA,NA,100,6.5,15.9814800674211,2.75104235265676,13.2304377147644,31742.1569791712,301.014612407321,NA,NA,NA,NA,NA,NA,NA,NA,NA,NA,NA,NA,NA,NA,NA,NA,NA,NA
"562",NA,NA,NA,0,2018,48.387907,10.915647,641821,5361189,0.870252244942576,"u",NA,NA,NA,NA,NA,NA,NA,NA,NA,85,3.6,19.6,2,17.6,1184.49552890421,NA,NA,NA,NA,NA,NA,NA,NA,NA,NA,NA,NA,NA,NA,NA,NA,NA,NA,NA
"563",NA,NA,NA,0,2018,48.38637,10.917251,641944,5361021,0.880098576564663,"u",NA,NA,NA,NA,NA,NA,NA,NA,NA,76,3.25,12.4257823333479,2.01428692542573,10.4114954079222,839.426012308097,111.361963944728,NA,NA,NA,NA,NA,NA,NA,NA,NA,NA,NA,NA,NA,NA,NA,NA,NA,NA
"564",NA,NA,NA,0,2018,48.382346,10.917492,641973,5360574,0.932331276213288,"u",NA,NA,NA,NA,NA,NA,NA,NA,NA,180,5.3,18.626538188117,2.64593811739109,15.9806000707259,2266.70712667298,280.336063956175,NA,NA,NA,NA,NA,NA,NA,NA,NA,NA,NA,NA,NA,NA,NA,NA,NA,NA
"565",NA,NA,NA,0,2018,48.377858,10.889101,639883,5360023,0.97110205195014,"u",NA,NA,NA,NA,NA,NA,NA,NA,NA,125,3.8,15.6877262920649,2.74890217915266,12.9388241129123,1145.47177583781,160.98814884483,NA,NA,NA,NA,NA,NA,NA,NA,NA,NA,NA,NA,NA,NA,NA,NA,NA,NA
"566",NA,NA,NA,0,2018,48.387416,10.86638,638175,5361044,0.882383745337427,"u",NA,NA,NA,NA,NA,NA,NA,NA,NA,100,4.1,18.2,1.6,16.6,1393.14736705658,NA,NA,NA,NA,NA,NA,NA,NA,NA,NA,NA,NA,NA,NA,NA,NA,NA,NA,NA
"567",0.0919599746316007,0.126519911882298,0.222222222222222,0.440702108736121,2018,48.385475,10.853296,637212,5360805,0.79873354987284,"u",7584.7,114.31,4.90845,68.4,30.975,NA,NA,0.267358490566038,0.0529990566037736,130,5,13.7,1.07110664860351,12.6288933513965,2422.67200668218,213.356094712359,NA,NA,35,3.5,343.611696486384,4442.30769230769,561250,125720000,35243849960.5703,127.5,28560,8006397.98658835,224,62795.2783261832,99,105,7,100
"568",0.0327893487633419,0.10948244188963,0.444444444444444,0.586716235097416,2018,48.379367,10.846451,636721,5360114,0.813170811553126,"u",6670.95,109.4045,5.38895,75.975,25.55,NA,NA,0.170679611650485,0.0348135922330097,125,4.9,17.7855306503702,1.17618845762378,16.6093421927465,1904.15007235203,266.575285769627,NA,NA,22.5,3,159.043128087983,1916.54761904762,198500,45258000,12687449582.5286,102.5,23370,6551453.8146558,228,63916.6225820078,101,111,11,105
"571",0.130574573575072,0.0951499907305442,0.222222222222222,0.447946786527838,2018,48.347085,10.871084,638633,5356570,0.766908930178543,"u",5902.275,101.096,6.07875,75,26.55,NA,NA,0.15921568627451,0.0128245098039216,102,4.5,16.0275269519531,4.71930436616619,11.3082225857869,1982.99216208202,172.059194203505,NA,NA,27,3.5,267.82077371853,9021.07142857143,945250,226860000,49964099094.7557,120,28800,6342969.46984468,240,52858.0789153723,103,109,7,105
"572",NA,NA,NA,0,2018,48.3078,10.909663,641600,5352274,0.426830502240444,"s",NA,NA,NA,NA,NA,NA,NA,NA,NA,120,2.6,19.6337467252598,1.90549672719604,17.7282499980637,784.152593184144,146.355865169028,NA,NA,NA,NA,NA,NA,NA,NA,NA,NA,NA,NA,NA,NA,NA,NA,NA,NA
"573",NA,NA,NA,0,2018,48.310176,10.906157,641333,5352532,0.466639759443473,"s",NA,NA,NA,NA,NA,NA,NA,NA,NA,100,3.4,19.2,1.7,17.5,1091.47307354582,NA,NA,NA,NA,NA,NA,NA,NA,NA,NA,NA,NA,NA,NA,NA,NA,NA,NA,NA
"574",0.0349435230732697,0.0284987555211949,0.277777777777778,0.341220056372242,2018,48.309981,10.910207,641634,5352518,0.440627528828588,"s",2327.65,97.6705,4.77055,79.25,19.35,NA,NA,0.247735849056604,0.0502783018867925,80,3.75,12.1090458914186,3.649463518893,8.45958237252556,2019.37248932766,109.015083225639,NA,NA,31,4,389.557489045134,1886.25356125356,251250,63315000,13508641136.713,132.5,33390,7123960.00244568,252,53765.7358675146,100,107,8,102
"576",NA,0.212845579266218,NA,0.212845579266218,2018,48.340795,10.905433,641195,5355934,0.679832000250684,"u",12214.5,75.7915,13.533,NA,NA,NA,NA,0.2469,0.043552,90,5.15,16.5356096851274,2.05920769491748,14.4764019902099,2229.67637087886,248.596331503084,NA,NA,NA,NA,NA,NA,NA,NA,NA,NA,NA,NA,NA,NA,NA,NA,NA,NA
"577",NA,NA,NA,0,2018,48.352371,10.902708,640961,5357215,0.922597135682149,"u",NA,NA,NA,NA,NA,NA,NA,NA,NA,110,2.8,16.1,1.9,14.2,733.193234933483,NA,NA,NA,NA,NA,NA,NA,NA,NA,NA,NA,NA,NA,NA,NA,NA,NA,NA,NA
"578",NA,NA,NA,0,2018,48.355496,10.898395,640633,5357555,0.984809289282004,"u",NA,NA,NA,NA,NA,NA,NA,NA,NA,130,3.2,17.9,1.5,16.4,964.146744689337,NA,NA,NA,NA,NA,NA,NA,NA,NA,NA,NA,NA,NA,NA,NA,NA,NA,NA,NA
"579",NA,NA,NA,0,2018,48.361011,10.915979,641920,5358200,0.933907595185473,"u",NA,NA,NA,NA,NA,NA,NA,NA,NA,108,2.7,12.1394387679164,2.84512574086931,9.29431302704709,578.770916022318,82.0963331933119,NA,NA,NA,NA,NA,NA,NA,NA,NA,NA,NA,NA,NA,NA,NA,NA,NA,NA
"580",0.00996267080175068,0.0838940731405861,0.333333333333333,0.42719007727567,2018,48.366541,10.901463,640830,5358788,1,"u",5298.6,121.8255,6.8615,69.55,26.475,NA,NA,0.30877358490566,0.00813584905660377,69,3.5,10.2547839840065,1.96833496093762,8.28644902306884,1412.38167382093,98.9083765164979,NA,NA,36.5,3,258.003296676062,477.222222222222,80500,22218000,3985704758.18529,165,45540,8169456.9577711,276,49511.8603501279,99,107,9,106
"591",0.161234337716487,0.0665697707757655,0.222222222222222,0.450026330714475,2018,48.403971,10.922653,642281,5362895,0.496846620649927,"s",4369.46666666667,128.365,8.1129,79.6,29.325,NA,NA,0.201090909090909,0.0267081818181818,175,5.1,18.2165830456541,1.49053922086139,16.7260438247927,2062.72352451274,280.167574521927,NA,NA,30.5,4,383.274303737955,5925.07122507122,775000,2.48e+08,61651890212.7648,132.5,42400,10540484.4557308,320,79550.8260809869,101,107,7,104
"595",0.0507724894761371,0.0549516612792602,0.222222222222222,0.327946372977619,2018,48.335996,10.825538,635288,5355256,0.110162829981021,"r",3746.36666666667,133.34,9.33935,91.7,10.525,NA,NA,0.161238095238095,0.0277266666666667,204,6.25,24.3656900417866,4.54781435217326,19.8178756896133,3109.14808877903,408.015431026072,NA,NA,22.5,3,159.043128087983,4865.38461538462,346250,116340000,19542792347.9676,72.5,24360,4091992.62159611,336,56441.2775392567,103,109,7,103
"596",NA,NA,NA,0,2018,48.272988,10.903997,641279,5348424,0.380057004645384,"s",NA,NA,NA,NA,NA,NA,NA,NA,NA,127,3.6,18.1664267504914,3.27000326519655,14.8964234852949,1083.99046615633,173.324547668989,NA,NA,NA,NA,NA,NA,NA,NA,NA,NA,NA,NA,NA,NA,NA,NA,NA,NA
"597",0.0244361806292581,0.0371139817976518,0.222222222222222,0.283772384649132,2018,48.318889,10.915574,642007,5353518,0.434381994897249,"s",2789.7,221.645,10.50325,92.8,13.775,NA,NA,0.126,0.0102727272727273,168,7,23.6062395567368,2.28619269661384,21.3200468601229,3939.64605525987,493.47686509357,NA,NA,24.5,3,173.180295029137,2961.53846153846,336500,115756000,9503143145.12501,120,41280,3388936.63421992,344,28241.1386184993,101,107,7,106
"598",NA,NA,NA,0,2018,48.34482,10.835642,636013,5356255,0.167574951171997,"r",NA,NA,NA,NA,NA,NA,NA,NA,NA,175,9.3,18.4204781441233,1.71,16.7104781441233,10897.9187193368,558.744371911364,NA,NA,NA,NA,NA,NA,NA,NA,NA,NA,NA,NA,NA,NA,NA,NA,NA,NA
"617",0.0684245091784463,0.0947831374094982,0.222222222222222,0.385429868810167,2018,48.346501,10.939302,643689,5356631,0.495727637751632,"s",5882.6,97.318,3.91425,70.375,14.9,NA,NA,0.228165137614679,0.0272321100917431,162,5.3,21.7010252669255,4.56091992584165,17.1401053410838,2229.97437755798,298.722653675049,NA,NA,38.5,3.5,379.347312920968,1961.25,337000,142888000,26271908662.7565,180,76320,14032473.4697216,424,77958.1859428975,99,105,7,102
"618",NA,NA,NA,0,2018,48.361838,10.936341,643692,5356632,0.495546615468612,"s",NA,NA,NA,NA,NA,NA,NA,NA,NA,101,3.7,18.2,1.8,16.4,1183.45913021408,NA,NA,NA,NA,NA,NA,NA,NA,NA,NA,NA,NA,NA,NA,NA,NA,NA,NA,NA
"619",NA,NA,NA,0,2018,48.363671,10.935152,643333,5358531,0.800928810029074,"u",NA,NA,NA,NA,NA,NA,NA,NA,NA,146,3.9,18.5,1.8,16.7,1292.34258124917,NA,NA,NA,NA,NA,NA,NA,NA,NA,NA,NA,NA,NA,NA,NA,NA,NA,NA,NA
"620",NA,NA,NA,0,2018,48.349716,10.873015,638769,5356866,0.830045982036354,"u",NA,NA,NA,NA,NA,NA,NA,NA,NA,175,3.8,19.3,1.8,17.5,1274.32962402145,NA,NA,NA,NA,NA,NA,NA,NA,NA,NA,NA,NA,NA,NA,NA,NA,NA,NA,NA
"621",0.123845073578631,0.120497985871939,0.333333333333333,0.577676392783904,2018,48.344356,10.867572,638380,5356260,0.666169765117061,"s",7261.73333333333,115.321,7.1306,83.15,19.425,NA,NA,0.1882,0.032168,130,5.7,18.4919926235456,5.96113123340044,12.5308613901452,5564.66420169279,246.515166646477,NA,NA,31.5,3,222.660379323177,2641.28205128205,384500,169180000,47398750257.6195,140,61600,17258322.5905507,440,123273.732789648,101,109,9,102
"622",0.183793719315206,0.0936914341339078,0.555555555555556,0.83304070900467,2018,48.344131,10.867612,638384,5356235,0.660879058609375,"s",5824.05,178.6,4.7872,73.55,18.775,NA,NA,0.2346,0.022883,140,5.05,17.6528929923683,4.38027585934544,13.2726171330229,2308.82569535743,225.297499365404,NA,NA,35.5,4,446.106156809751,4910.86956521739,564750,250749000,70251739143.7986,115,51060,14305356.3550896,444,124394.403087735,101,113,13,104
"627",NA,NA,NA,0,2018,48.347156,10.883676,639566,5356601,0.877939011227365,"u",NA,NA,NA,NA,NA,NA,NA,NA,NA,120,3.8,18.1169981566411,4.288475778961,13.8285223776801,1156.57239323209,171.205165815744,NA,NA,NA,NA,NA,NA,NA,NA,NA,NA,NA,NA,NA,NA,NA,NA,NA,NA
"628",0.0502712349424296,0.0519211203331862,0.0555555555555556,0.157747910831171,2018,48.371742,10.883748,639504,5359334,1,"u",3583.83333333333,45.366,4.1716,71.3,24.775,NA,NA,0.201923076923077,0.0390230769230769,100,4.3,19.5763038889131,2.48611668924562,17.0901871996675,1521.2555806294,238.064277514933,NA,NA,37.5,3,130.768794205675,1612.96296296296,217750,101907000,19351709394.4294,135,63180,11997615.4684178,468,88871.2256919834,100,103,4,100
"629",0.0577304261945,NA,0,0.0577304261945,2018,48.374658,10.867051,638320,5359638,0.977617375076458,"u",NA,NA,NA,80.825,23.025,NA,NA,0.165909090909091,0,105,5.35,13.2036840722101,0.82511336474076,12.3785707074693,3614.4937242465,226.653335050383,NA,NA,26,3,183.783170235003,954.666666666667,115250,54398000,22195223416.9562,122.5,57820,23591452.2219275,472,192583.283444306,107,109,3,108
"630",NA,NA,NA,0,2018,48.344674,10.868143,638421,5356297,0.680190943717759,"u",NA,NA,NA,NA,NA,NA,NA,NA,NA,171,5.5,22.5728817075894,3.80972792462218,18.7631537829673,2399.91564627196,337.845458311559,NA,NA,NA,NA,NA,NA,NA,NA,NA,NA,NA,NA,NA,NA,NA,NA,NA,NA
"634",0.145674797346689,0.113940618716166,0,0.259615416062854,2018,48.383316,10.849258,636919,5360558,0.823244056574781,"u",6910.05,82.054,6.15917,82.4,23.2,NA,NA,0.239099099099099,0.0519297297297297,185,5,24.7073681444202,1.35089870143565,23.3564694429845,2224.08637547745,375.195040713675,NA,NA,29,3.5,295.702408519139,1875.69875776398,229500,112914000,55720446745.1753,127.5,62730,30955803.7473196,492,242790.617626036,101,103,3,101
"638",NA,NA,NA,0,2018,48.3867,10.86146,637813,5360956,0.859325785681978,"u",NA,NA,NA,NA,NA,NA,NA,NA,NA,85,3,13.7,0.860878256677875,12.8391217433221,764.498758514595,124.265276438561,NA,NA,NA,NA,NA,NA,NA,NA,NA,NA,NA,NA,NA,NA,NA,NA,NA,NA
"641",0.214297106296206,0.115167503012218,0.111111111111111,0.440575720419535,2018,48.314605,10.849206,637099,5352921,0.112725396719944,"r",6975.85,5805.9,5.57205,81.325,15.45,NA,NA,0.2062,0.023787,170,4.3,21.0692915170774,5.41284212746433,15.6564493896131,1481.13335538602,219.332454856309,NA,NA,27.5,4,182.212373908208,7456.92307692308,761500,395980000,81879917814.1017,115,59800,12365319.1708755,520,107524.514529352,107,111,5,108
"644",0.157011392189534,0.0778300390192557,0.111111111111111,0.345952542319901,2018,48.385021,10.84628,636694,5360742,0.725878208654351,"u",4973.375,57.734,4.9497,80.925,22.825,NA,NA,0.192636363636364,0.0461127272727273,117,4.9,24.8,1,23.8,2185.73084023233,NA,NA,NA,29.5,3,208.523212382023,5815,581500,309358000,60042063568.4991,100,53200,10325376.366036,532,103253.76366036,99,103,5,102
"645",NA,NA,NA,0,2018,48.343572,10.846457,636818,5356135,0.302654973617667,"r",NA,255.72,4.02455,NA,NA,NA,NA,NA,NA,147,5.1,16.7,1.7,15,2122.48208460078,NA,NA,NA,NA,NA,NA,NA,NA,NA,NA,NA,NA,NA,NA,NA,NA,NA,NA,NA
"646",0.0444973360609687,0.129384817233186,0.555555555555556,0.72943770884971,2018,48.344085,10.867587,638382,5356230,0.515939912674853,"s",7738.35,37020.5,6.2305,81.425,18.85,NA,NA,0.1578,0.02937,103,4.1,22.5,1.8,20.7,1567.57464115868,NA,NA,NA,26,3,183.783170235003,1696.88995215311,167750,90585000,17150644710.7039,102.5,55350,10479529.5549755,540,102239.312731469,99,111,13,103
"648",NA,0.0305889337824022,0.333333333333333,0.363922267115735,2018,48.273767,10.905156,641360,5348483,0.33647035440459,"s",2439.75,87.0545,4.16915,97.475,14.475,NA,NA,0.163409090909091,0.0223659090909091,82,2.6,18.1,2,16.1,727.552473708319,NA,NA,NA,NA,NA,NA,NA,NA,NA,NA,NA,NA,NA,NA,NA,101,109,9,106
"653",0.322882167524138,0.0488579494856215,0.5,0.871740117009759,2018,48.332189,10.911414,641662,5354988,0.425549452660684,"s",3419.55,NA,NA,85.375,14.45,NA,NA,0.1378,0.013212,100,4.2,20.2,1.5,18.7,1528.50437653212,NA,NA,NA,25.5,2.5,137.051979512855,8164.97326203209,849250,482374000,123273566777.434,97.5,55380,14152690.9164555,568,145155.804271339,99,110,12,102
"654",0.649469555727474,0.0726265020143813,0.5,1,2018,48.352183,10.904128,641066,5357196,0.450973382186132,"s",4694.3,107.658,19.2045,69.2,18.275,NA,NA,0.2053,0.041701,86,3.3,17.3,2.2,15.1,957.615675327735,NA,NA,NA,32.5,3,229.728962793754,12265.3439153439,1695000,969540000,247771757875.412,137.5,78650,20099478.8836986,572,146178.028245081,100,111,12,103
"655",0.188676054195573,0.0711199328484085,0.444444444444444,0.704240431488426,2018,48.350783,10.911186,641593,5357054,0.394476888384728,"s",4613.5,53.262,70.86,74.225,28.025,NA,NA,0.1132,0.00710599999999999,104,5.7,21.7,1.4,20.3,2591.19124913862,NA,NA,NA,22,3,155.508836352695,6012.11764705882,557750,321264000,72112931225.5998,105,60480,13575719.9080018,576,129292.570552398,101,111,11,102
"656",NA,NA,NA,0,2018,48.35495,10.927033,642756,5357546,0.29423758381602,"r",NA,NA,NA,NA,NA,NA,NA,NA,NA,NA,NA,NA,NA,NA,NA,NA,NA,NA,NA,NA,NA,NA,NA,NA,NA,NA,NA,NA,NA,NA,NA,NA,NA,NA
"657",NA,NA,NA,0,2018,48.358733,10.9078866,641327,5357931,0.442582427626625,"s",NA,NA,NA,NA,NA,NA,NA,NA,NA,NA,NA,NA,NA,NA,NA,NA,NA,NA,NA,NA,NA,NA,NA,NA,NA,NA,NA,NA,NA,NA,NA,NA,NA,NA
"658",0.204298122993418,0.0387016595759016,0.277777777777778,0.520777560347097,2018,48.376397,10.885956,639654,5359855,0.364564282697193,"s",2874.85,NA,5.1029,78.1,25.85,NA,NA,0.183267326732673,0.0532019801980198,88,4.9,18.2,1.7,16.5,1903.65024852852,NA,NA,NA,35,4,439.822971502571,2373.62707535121,340750,200361000,78068211119.4117,140,82320,32074980.3572051,588,229107.002551465,100,107,8,102
"659",0.420928568820924,0.10766045034258,0.388888888888889,0.917477908052392,2018,48.360594,10.877906,639101,5358083,0.389311145888825,"s",6573.23333333333,1069.01,16.276,83.65,19.5,NA,NA,0.1714,0.011757,99,5.7,21.7,1.9,19.8,2581.86077785802,NA,NA,NA,37.5,4,471.238898038469,4950.8064516129,777500,460280000,160649779227.856,157.5,93240,32543202.866093,592,206623.510260908,100,109,10,101
"660",NA,NA,NA,0,2018,48.336689,10.855986,637542,5355387,0.133474808138426,"r",NA,NA,NA,NA,NA,NA,NA,NA,NA,NA,NA,NA,NA,NA,NA,NA,NA,NA,NA,NA,NA,NA,NA,NA,NA,NA,NA,NA,NA,NA,NA,NA,NA,NA
"661",NA,NA,NA,0,2018,48.345522,10.901047,640857,5356450,0.40210777611242,"s",NA,NA,NA,NA,NA,NA,NA,NA,NA,NA,NA,NA,NA,NA,NA,NA,NA,NA,NA,NA,NA,NA,NA,NA,NA,NA,NA,NA,NA,NA,NA,NA,NA,NA
"662",0.207699216138503,0.0854011084480087,0.333333333333333,0.626433657919845,2018,48.374734,10.867891,638321,5359637,0.286313218177062,"r",5379.425,52.1805,1.1005605,75.175,22.3,NA,NA,0.157981651376147,0.0297045871559633,122,4.3,20.3,0,20.3,1654.99990144119,NA,NA,NA,32,4,402.123859659494,3090.74074074074,303250,183163000,79364739888.1686,112.5,67950,29442813.643591,604,261713.899054142,101,109,9,102
"664",0.149457477415244,NA,0.277777777777778,0.427235255193022,2018,48.340916,10.905361,641189,5355946,0.325686528832787,"r",NA,NA,NA,87.625,22.7,NA,NA,NA,NA,89,3.7,16.3,1.6,14.7,1126.17795369991,NA,NA,NA,22,3,155.508836352695,4170,346000,211752000,57162440046.3505,87.5,53550,14455819.3758834,612,165209.364295811,102,109,8,103
"669",0.595286662723459,0.082215963921062,0.166666666666667,0.844169293311188,2018,48.403071,10.922447,642282,5362886,0.219852151799667,"r",5208.6,73.621,8.7688,80.5,29.4,NA,NA,0.190285714285714,0.0299152380952381,104,4.7,22.8,1.2,21.6,1947.19327312392,NA,NA,NA,36,4,452.38934211693,7745.19230769231,876750,554106000,227116728284.204,115,72680,29790047.0518203,632,259043.887407133,98,103,6,100
